id,date,bedrooms,bathrooms,square_footage_living,floors,waterfront,view,condition,grade,square_footage_above,square_footage_basement,year_built,year_renovated,zipcode,lat,long,price
7129300520,13-10-14,3,1,1180,1,0,0,3,7,1180,0,1955,0,98178,47.5112,-122.257,221900
6414100192,09-12-14,3,2.25,2570,2,0,0,3,7,2170,400,1951,1991,98125,47.721,-122.319,538000
5631500400,25-02-15,2,1,770,1,0,0,3,6,770,0,1933,0,98028,47.7379,-122.233,180000
2487200875,09-12-14,4,3,1960,1,0,0,5,7,1050,910,1965,0,98136,47.5208,-122.393,604000
1954400510,18-02-15,3,2,1680,1,0,0,3,8,1680,0,1987,0,98074,47.6168,-122.045,510000
7237550310,12-05-14,4,4.5,5420,1,0,0,3,11,3890,1530,2001,0,98053,47.6561,-122.005,1225000
1321400060,27-06-14,3,2.25,1715,2,0,0,3,7,1715,0,1995,0,98003,47.3097,-122.327,257500
2008000270,15-01-15,3,1.5,NA,1,0,0,3,7,1060,0,1963,0,98198,47.4095,-122.315,291850
2414600126,15-04-15,3,1,1780,1,0,0,3,7,1050,730,1960,0,98146,47.5123,-122.337,229500
3793500160,12-03-15,3,2.5,1890,2,0,0,3,7,1890,0,2003,0,98038,47.3684,-122.031,323000
1736800520,03-04-15,3,2.5,3560,1,0,0,3,8,1860,1700,1965,0,98007,47.6007,-122.145,662500
9212900260,27-05-14,2,1,1160,1,0,0,4,7,860,300,1942,0,98115,47.69,-122.292,468000
114101516,28-05-14,3,1,1430,1.5,0,0,4,7,1430,0,1927,0,98028,47.7558,-122.229,310000
6054650070,07-10-14,3,1.75,1370,1,0,0,4,7,1370,0,1977,0,98074,47.6127,-122.045,400000
1175000570,12-03-15,5,2,1810,1.5,0,0,3,7,1810,0,1900,0,98107,47.67,-122.394,530000
9297300055,24-01-15,4,3,2950,2,0,3,NA,9,1980,970,1979,0,98126,47.5714,-122.375,650000
1875500060,31-07-14,3,2,1890,2,0,0,3,7,1890,0,1994,0,98019,47.7277,-121.962,395000
6865200140,29-05-14,4,1,1600,1.5,NA,0,4,7,1600,0,1916,0,98103,47.6648,-122.343,485000
16000397,05-12-14,2,1,1200,1,0,0,4,7,1200,0,1921,0,98002,47.3089,-122.21,189000
7983200060,24-04-15,3,1,1250,1,0,0,4,7,1250,0,1969,0,98003,47.3343,-122.306,230000
6300500875,14-05-14,4,1.75,1620,1,0,0,4,7,860,760,1947,0,98133,47.7025,-122.341,385000
2524049179,26-08-14,3,2.75,3050,1,0,4,3,9,NA,720,1968,0,98040,47.5316,-122.233,2000000
7137970340,03-07-14,5,2.5,2270,2,0,0,3,8,2270,0,1995,0,98092,47.3266,-122.169,285000
8091400200,16-05-14,2,1.5,1070,1,0,0,3,7,1070,0,1985,0,98030,47.3533,-122.166,252700
3814700200,20-11-14,3,2.25,2450,2,0,0,4,8,2450,0,1985,0,98030,47.3739,-122.172,329000
1202000200,03-11-14,3,2,1710,1.5,0,0,5,6,1710,0,1941,0,98002,47.3048,-122.218,233000
1794500383,26-06-14,3,1.75,2450,2,0,0,3,8,1750,700,1915,0,98119,47.6386,-122.36,937000
3303700376,01-12-14,3,1,1400,1.5,0,0,5,8,1400,0,1909,0,98112,47.6221,-122.314,667000
5101402488,24-06-14,3,1.75,1520,1,0,0,3,7,790,730,1948,0,98115,47.695,-122.304,438000
1873100390,02-03-15,4,2.5,2570,2,0,0,3,8,2570,0,2005,0,98052,47.7073,-122.11,719000
8562750320,10-11-14,3,2.5,2320,2,0,0,3,8,2320,0,2003,0,98027,47.5391,-122.07,580500
2426039314,01-12-14,2,1.5,1190,3,0,0,3,7,1190,0,2005,0,98133,47.7274,-122.357,280000
461000390,24-06-14,4,1.75,2330,1.5,0,NA,4,7,1510,820,1929,0,98117,47.6823,-122.368,687500
7589200193,10-11-14,3,1,1090,1.5,0,0,4,8,1090,0,1929,0,98117,47.6889,-122.375,535000
7955080270,03-12-14,4,2.75,2060,1,0,0,3,7,1280,780,1981,0,98058,47.4276,-122.157,322500
9547205180,13-06-14,3,2.5,2300,1.5,0,0,3,8,1510,790,1930,2002,98115,47.6827,-122.31,696000
9435300030,28-05-14,4,1,1660,1,0,0,1,5,930,730,1933,0,98052,47.6621,-122.132,550000
2768000400,30-12-14,4,2,2360,2,0,0,4,8,2360,0,1904,0,98107,47.6702,-122.362,640000
7895500070,13-02-15,4,1,1220,1,0,0,2,7,890,330,1969,0,98001,47.3341,-122.282,240000
2078500320,20-06-14,4,2.5,2620,2,0,0,3,8,2620,0,1996,0,98056,47.5301,-122.18,605000
5547700270,15-07-14,4,2.5,2570,2,0,0,3,9,2570,0,2000,0,98074,47.6145,-122.027,625000
7766200013,11-08-14,4,2.25,4220,1,0,0,3,8,2600,1620,1984,0,98166,47.445,-122.347,775000
7203220400,07-07-14,5,2.75,3595,2,0,0,3,9,3595,0,2014,0,98053,47.6848,-122.016,861990
9270200160,28-10-14,3,1,1570,2,0,0,3,7,1570,0,1922,0,98119,47.6413,-122.364,685000
1432701230,29-07-14,3,1,1280,1,0,0,4,6,920,360,1959,0,98058,47.4485,-122.175,309000
8035350320,18-07-14,3,2.5,3160,2,0,0,3,8,3160,0,2003,0,98019,47.7443,-121.977,488000
8945200830,25-03-15,3,1,990,1,NA,0,3,6,NA,0,1966,0,98023,47.3066,-122.371,210490
4178300310,16-07-14,4,2.5,2290,2,0,0,4,9,2290,0,1981,0,98007,47.6194,-122.151,785000
9215400105,28-04-15,3,1.75,1250,1,0,0,4,7,1250,0,1953,0,98115,47.6796,-122.301,450000
822039084,11-03-15,3,2.5,2753,1,1,2,5,9,2165,588,1953,0,98070,47.4041,-122.451,1350000
5245600105,16-09-14,3,1,1190,1,0,0,3,7,1190,0,1955,0,98148,47.4258,-122.322,228000
7231300125,17-02-15,5,2.5,3150,1,0,0,4,8,1640,1510,1966,0,98056,47.4934,-122.189,345000
7518505990,31-12-14,3,1.75,1410,1,0,0,4,7,1000,410,1950,0,98117,47.6808,-122.384,600000
3626039271,05-02-15,2,1.75,1980,1,0,0,3,7,990,990,1981,0,98117,47.6989,-122.369,585000
4217401195,03-03-15,5,2.25,2730,1.5,0,0,3,8,2130,600,1927,0,98105,47.6571,-122.281,920000
9822700295,12-05-14,4,2.5,2830,2,0,0,3,9,2830,0,1995,0,98105,47.6597,-122.29,885000
9478500640,19-08-14,4,2.5,2250,2,0,0,3,7,2250,0,2008,0,98042,47.3663,-122.114,292500
2799800710,07-04-15,3,2.5,2420,2,0,0,3,8,2420,0,2003,0,98042,47.3663,-122.122,301000
7922800400,27-08-14,5,3.25,3250,2,0,4,4,8,3250,0,1968,0,98008,47.588,-122.116,951000
8079040320,23-02-15,4,3,1850,2,0,0,3,8,1850,0,1991,0,98059,47.5059,-122.149,430000
1516000055,10-12-14,3,2.25,2150,1,0,3,4,8,1590,560,1959,0,98166,47.4336,-122.339,650000
9558200045,28-08-14,3,1.75,1260,1,0,0,3,7,1260,0,1954,0,98148,47.4366,-122.335,289000
5072410070,21-10-14,3,1.75,2519,2,0,0,5,8,2519,0,1973,0,98166,47.4428,-122.344,505000
9528102996,07-12-14,3,1.75,1540,3,0,0,3,8,1540,0,2014,0,98115,47.6765,-122.32,549000
1189001180,03-06-14,3,2.25,1660,1,0,0,3,7,1110,550,1979,0,98122,47.6113,-122.297,425000
3253500160,20-11-14,3,2.75,2770,1.5,0,0,5,7,1770,1000,1925,0,98144,47.5747,-122.304,317625
3394100030,09-09-14,4,2.5,2720,2,0,0,3,10,2720,0,1989,0,98004,47.5815,-122.192,975000
3717000160,09-10-14,4,2.5,2240,2,0,0,3,7,2240,0,2005,0,98001,47.3378,-122.257,287000
1274500060,25-08-14,3,1,1000,1,0,0,4,7,1000,0,1968,0,98042,47.3621,-122.11,204000
1802000060,12-06-14,5,2.25,3200,1,0,0,3,NA,1600,1600,1965,0,98004,47.6303,-122.215,1325000
1525059190,12-09-14,5,3.25,4770,1,0,0,4,11,3070,1700,1973,0,98005,47.6525,-122.16,1040000
1049000060,05-01-15,3,2,1260,1,0,0,4,7,1260,0,1972,0,98034,47.7362,-122.179,325000
8820901275,10-06-14,4,2,2750,1.5,0,0,5,7,2250,500,1916,0,98125,47.7168,-122.287,571000
5416510140,10-07-14,4,2.5,2380,2,0,0,3,8,2380,0,2005,0,98038,47.3608,-122.036,360000
3444100400,16-03-15,3,1.75,1790,1,0,0,5,7,1090,700,1965,0,98042,47.3511,-122.073,349000
3276920270,05-11-14,4,4,3430,2,0,0,4,10,2390,1040,1986,0,98075,47.5822,-121.987,832500
4036801170,13-10-14,4,1.75,1760,1,0,0,3,7,880,880,1956,0,98008,47.6034,-122.125,380000
2391600320,20-04-15,3,1,1040,1,NA,0,3,7,1040,0,1941,0,98116,47.5636,-122.394,480000
6300000287,09-06-14,3,1,1410,1,0,0,4,7,910,500,1956,0,98133,47.7073,-122.34,410000
1531000030,23-03-15,4,2.5,3450,2,0,0,3,10,3450,0,2002,0,98010,47.342,-122.025,720000
5104520400,02-12-14,3,2.5,2350,2,0,0,3,8,2350,0,2003,0,98038,47.3512,-122.008,390000
7437100340,22-12-14,4,2.5,1900,2,0,0,3,7,1900,0,1992,0,98038,47.349,-122.031,360000
9418400240,28-10-14,2,1,2020,1,0,0,3,7,1010,1010,1948,0,98118,47.5474,-122.291,355000
1523059105,28-01-15,3,1.5,1680,1,0,0,3,8,1680,0,1964,0,98059,47.4811,-122.149,356000
1133000671,02-06-14,3,1,960,1,0,0,3,6,960,0,1952,0,98125,47.7264,-122.31,315000
4232902595,14-11-14,3,1.5,2140,2,0,0,3,9,1900,240,1925,0,98119,47.6337,-122.365,940000
2599001200,03-11-14,5,2.25,2660,1.5,0,0,5,7,2660,0,1961,0,98092,47.2909,-122.189,305000
3342103156,18-06-14,3,3.25,2770,2,0,0,3,9,1980,790,2006,0,98056,47.5228,-122.199,461000
1332700270,19-05-14,2,2.25,1610,2,0,0,4,7,1610,0,1979,0,98056,47.518,-122.194,215000
3869900162,04-09-14,2,1.75,1030,2,0,0,3,7,765,265,2006,0,98136,47.5394,-122.387,335000
2791500270,22-05-14,4,2.5,1980,2,0,0,3,7,1980,0,1988,0,98023,47.2897,-122.372,243500
5036300431,11-03-15,5,2.75,3520,2,NA,0,4,10,3520,0,2001,0,98199,47.6506,-122.391,1099880
4168000060,26-02-15,3,1,1200,1,0,0,3,7,1200,0,1962,0,98023,47.322,-122.351,153000
6021501535,25-07-14,3,1.5,1580,1,0,0,3,8,1290,290,1939,0,98117,47.687,-122.386,430000
6021501535,23-12-14,3,1.5,1580,1,0,0,3,8,1290,290,1939,0,98117,47.687,-122.386,700000
1483300570,08-09-14,4,2.5,3300,1,0,0,3,7,2390,910,1946,1991,98040,47.5873,-122.249,905000
3422049190,30-03-15,3,1.75,1960,1,0,0,3,7,1960,0,1967,0,98032,47.3576,-122.277,247500
1099611230,12-09-14,4,1.5,1160,1,0,0,4,7,1160,0,1975,0,98023,47.3036,-122.378,199000
722079104,11-07-14,3,1.75,1810,1,0,0,5,7,1210,600,1980,0,98038,47.4109,-121.958,314000
7338200240,16-05-14,3,2.5,2320,2,0,2,3,9,2320,0,1992,0,98045,47.4838,-121.714,437500
1952200240,11-06-14,3,2.5,2070,1.5,0,0,5,9,1270,800,1910,0,98102,47.6415,-122.315,850830
5200100125,27-10-14,3,2,1980,1.5,0,0,4,7,1440,540,1929,0,98117,47.6775,-122.372,555000
7214720075,12-12-14,3,2.25,2190,2,0,0,4,8,2190,0,1983,0,98077,47.7731,-122.08,699950
2450000295,07-10-14,3,2.5,2920,2,0,0,3,8,2920,0,1950,2010,98004,47.5814,-122.196,1088000
6197800045,24-09-14,3,1,1210,1,0,0,3,7,1210,0,1954,0,98058,47.4375,-122.184,290000
1328310370,02-04-15,3,2.5,2340,1,0,0,4,8,1460,880,1978,0,98058,47.4431,-122.133,375000
546000875,23-05-14,3,1,1670,1.5,0,0,4,7,1170,500,1939,0,98117,47.6878,-122.38,460000
3530510041,23-07-14,2,1.75,1240,1,0,0,4,8,1240,0,1985,0,98198,47.3813,-122.322,188500
1853000400,05-03-15,4,2.5,3140,2,0,0,4,10,3140,0,1991,0,98077,47.7304,-122.082,680000
3134100116,27-08-14,5,1.75,2030,2,0,0,4,7,2030,0,1942,0,98052,47.6417,-122.109,470000
9545230140,25-07-14,4,2.5,2310,2,0,0,3,8,2310,0,1984,0,98027,47.5386,-122.053,597750
3362400511,04-03-15,3,1.75,1260,1,0,0,5,6,700,560,1905,0,98103,47.6823,-122.349,570000
2525310310,16-09-14,3,1.75,1540,1,0,0,4,7,1160,380,1980,0,98038,47.3624,-122.031,272500
6126500060,24-11-14,3,1.75,2080,1,0,2,3,7,1080,1000,1971,0,98108,47.5474,-122.295,329950
8961960160,28-10-14,4,2.5,3230,2,0,3,3,9,2520,710,2001,0,98001,47.3183,-122.253,480000
3626039325,21-11-14,3,3.5,4380,2,0,0,3,8,2780,1600,1900,1999,98117,47.6981,-122.368,740500
3362400431,26-06-14,3,3.5,1590,3,0,0,3,8,1590,0,2010,0,98103,47.6824,-122.347,518500
4060000240,23-06-14,2,1,880,1,0,0,4,6,880,0,1945,0,98178,47.5009,-122.248,205425
3454800060,08-01-15,4,2,1570,1,0,0,3,6,1570,0,1950,0,98168,47.4965,-122.303,171800
1695900060,11-05-15,4,1,1610,1.5,0,0,4,7,1610,0,1925,0,98144,47.587,-122.294,535000
7278700070,02-01-15,3,2.5,2400,1,0,2,3,8,1560,840,1964,0,98177,47.7728,-122.386,660000
6675500070,19-11-14,3,2,1450,1,0,0,3,7,1450,0,1987,0,98034,47.7288,-122.226,391500
3626039187,06-04-15,2,1,770,1,0,0,3,6,770,0,1953,0,98117,47.6999,-122.364,395000
3524049083,04-11-14,4,1.75,2100,1.5,0,0,5,7,1720,380,1924,0,98118,47.5299,-122.266,445000
3275860240,18-06-14,3,2.25,2910,2,0,0,3,9,2910,0,1990,0,98052,47.6897,-122.098,770000
4389200955,02-03-15,4,2.75,2750,1.5,0,0,3,8,1980,770,1914,1992,98004,47.6141,-122.212,1450000
4058801670,17-07-14,3,2.25,2100,1,0,2,3,8,1620,480,1967,0,98178,47.5091,-122.244,445000
8732020310,17-07-14,4,2.25,2160,1,0,0,3,8,1360,800,1978,0,98023,47.3129,-122.39,260000
2331300505,13-06-14,5,3.5,2320,2,0,0,5,7,1720,600,1926,0,98103,47.6763,-122.352,822500
7853210060,06-04-15,4,2.5,2070,2,0,0,3,7,2070,0,2004,0,98065,47.5319,-121.85,430000
3668000070,05-01-15,3,1.75,1060,1,0,0,4,7,1060,0,1986,0,98092,47.2761,-122.152,212000
9545240070,28-04-15,4,2.25,2010,1,0,0,3,8,1440,570,1986,0,98027,47.5343,-122.054,660500
1243100136,12-06-14,3,3.5,3950,1.5,0,0,3,9,2460,1490,1989,0,98052,47.697,-122.072,784000
8929000270,12-05-14,3,2.5,2010,2,0,0,3,8,1390,620,2014,NA,98029,47.5517,-121.998,453246
2767602356,26-01-15,4,3.5,2140,3,0,0,3,9,2140,0,2005,0,98107,47.6734,-122.38,675000
921049315,13-08-14,3,1.75,1320,1,NA,0,4,7,1320,0,1956,0,98003,47.3257,-122.296,199000
3655000070,05-08-14,4,1.75,2020,1,0,0,3,7,1010,1010,1968,0,98003,47.3309,-122.299,220000
4027700812,29-05-14,4,2.25,2590,1,0,0,4,8,1340,1250,1968,0,98028,47.7689,-122.266,452000
3992700335,07-07-14,2,NA,1190,1,0,0,3,6,1190,0,1981,0,98125,47.7135,-122.287,382500
2767603505,07-05-14,3,2.25,1170,3,0,0,3,8,1170,0,2014,0,98107,47.6722,-122.381,519950
4232901525,27-06-14,2,1,1110,1,0,0,3,7,1110,0,1925,0,98119,47.6338,-122.358,665000
1777500060,08-07-14,5,2.5,2820,1,0,0,4,8,1550,1270,1968,0,98006,47.5707,-122.128,527700
1432900240,08-05-15,3,1,1610,1,0,0,4,7,1010,600,1962,0,98058,47.4563,-122.171,205000
6140100875,15-04-15,3,1,1060,1,0,0,4,7,940,120,1923,0,98133,47.7144,-122.351,420000
6071600370,27-02-15,4,2.25,2030,1,0,0,4,8,1380,650,1961,0,98006,47.5495,-122.174,500000
1526069017,03-12-14,4,2.5,3670,2,0,0,4,9,3670,0,1994,0,98077,47.7421,-122.026,921500
809001525,25-06-14,4,1,2550,2,0,0,3,8,2370,180,1905,0,98109,47.6354,-122.353,890000
3224079105,06-08-14,2,2.5,2420,2,0,0,3,7,2420,0,2007,0,98027,47.5262,-121.943,430000
8075400570,30-10-14,5,2,2260,1,0,0,4,8,1130,1130,1960,0,98032,47.3887,-122.286,258000
1994200024,04-11-14,NA,1,1430,1,0,0,3,7,980,450,1947,0,98103,47.6873,-122.336,511000
3362900810,20-08-14,3,2,1360,2,0,0,3,8,1360,0,1990,0,98103,47.6838,-122.353,532170
1324300398,09-04-15,3,1,1110,1.5,0,0,3,7,1110,0,1947,0,98107,47.655,-122.359,560000
537000445,31-03-15,NA,1,1250,1,0,0,4,7,1250,0,1954,0,98003,47.3255,-122.304,282950
7855801670,01-04-15,4,NA,5180,2,0,3,3,12,3540,1640,2006,0,98006,47.562,-122.162,2250000
7920100045,16-05-14,1,1,700,1,0,0,3,7,700,0,1942,0,98115,47.679,-122.3,350000
8960000030,28-07-14,3,1,1180,1,0,0,4,7,1180,0,1967,0,98058,47.4479,-122.176,215000
6388930390,20-11-14,5,3.5,3960,2,0,0,3,9,2500,1460,1996,0,98056,47.525,-122.172,650000
8731900200,07-08-14,4,2.75,2640,1,0,0,3,8,1620,1020,1967,0,98023,47.3135,-122.369,320000
8029200135,13-11-14,3,2,1270,1.5,0,0,3,7,1270,0,1916,2013,98022,47.2086,-121.996,247000
1081200350,03-10-14,4,1.75,1760,1,0,0,4,8,1760,0,1968,0,98059,47.4715,-122.118,320000
84000105,07-05-14,5,2.25,2060,1,0,0,3,7,1030,1030,1962,0,98146,47.4877,-122.335,255000
3756500060,09-03-15,3,1.75,1780,1,0,0,3,7,1780,0,1962,0,98034,47.7171,-122.193,438000
7215720160,04-03-15,3,2.5,3400,2,0,0,3,10,3400,0,2000,0,98075,47.6012,-122.023,900000
3574800520,20-06-14,3,2.75,1910,1,0,0,3,7,1160,750,1979,0,98034,47.7319,-122.224,441000
2617300160,12-08-14,3,2,2020,1,0,0,4,7,1010,1010,1975,0,98027,47.4582,-122.023,420000
2558660270,08-12-14,3,1.75,1580,1,0,0,3,7,1180,400,1976,0,98034,47.7209,-122.168,370000
2009000370,19-02-15,2,1.75,1340,1,0,0,5,5,700,640,1949,0,98198,47.408,-122.327,269950
1836980160,24-03-15,4,2.5,2680,2,0,0,3,9,2680,0,1999,0,98006,47.565,-122.125,807100
3261020370,05-06-14,3,2.5,2680,1,0,0,4,8,1610,1070,1979,0,98034,47.7028,-122.231,653000
1755700060,11-06-14,3,2,1370,1,0,0,5,7,1370,0,1964,0,98133,47.7458,-122.331,371500
4330600435,16-03-15,3,1.75,1560,1,0,0,3,7,1560,0,1954,0,98166,47.4776,-122.337,284000
9542800700,02-01-15,3,1.75,2160,1,0,0,4,7,1670,490,1978,0,98023,47.3026,-122.374,272000
1999700045,02-05-14,3,1.5,1340,1.5,0,0,3,7,1340,0,1955,0,98133,47.7658,-122.339,313000
1762600070,16-01-15,4,2.5,3880,2,0,0,3,10,2570,1310,1984,0,98033,47.6477,-122.182,917500
1687900520,29-09-14,4,2.25,2590,2,0,0,4,8,2590,0,1980,0,98006,47.5619,-122.125,673000
7234600798,10-02-15,3,2.5,1120,2,0,0,3,8,820,300,2008,0,98122,47.6106,-122.31,425000
3881900445,09-07-14,5,2.75,1970,1,0,0,3,7,1320,650,1986,0,98144,47.5868,-122.308,399950
2254502445,30-05-14,3,1,1220,1,0,0,3,6,1220,0,1901,NA,98122,47.6101,-122.307,385000
5437810320,17-11-14,3,1.5,1950,1,0,2,4,7,1320,630,1975,0,98022,47.1976,-121.999,269950
9158100075,07-01-15,2,1,1350,1,0,0,3,7,1060,290,1949,0,98177,47.7224,-122.358,330000
3830630310,25-07-14,3,2.5,1670,NA,0,0,3,7,1670,0,1988,0,98030,47.3505,-122.179,260000
8123100045,14-04-15,4,3,2380,1.5,0,0,4,7,1680,700,1925,0,98126,47.5384,-122.376,470000
3127200041,13-06-14,4,3,2440,2,0,0,5,7,2440,0,1961,0,98034,47.7044,-122.2,589000
6661200320,23-07-14,2,1.5,1050,2,0,0,3,7,1050,0,1996,0,98038,47.3848,-122.039,163500
11510310,05-09-14,4,2.75,3130,2,0,0,3,9,2140,990,1993,0,98052,47.6993,-122.102,835000
825059270,21-11-14,5,3,4090,1,0,2,4,10,2090,2000,1986,0,98033,47.6627,-122.188,1095000
8731951370,15-04-15,4,1.75,1490,1,0,0,4,8,1100,390,1969,0,98023,47.3099,-122.379,269000
1954440060,05-05-14,3,2.5,1900,2,0,0,3,8,1900,0,1987,0,98074,47.62,-122.043,560000
2264500350,18-04-15,4,1,1330,1.5,0,0,4,6,1330,0,1901,0,98103,47.65,-122.34,615000
1115810060,05-12-14,3,2.25,2230,1,0,0,3,8,1430,800,1975,0,98052,47.6647,-122.153,585188
9477200200,18-08-14,3,1.75,1650,1,0,0,3,7,1220,430,1977,0,98034,47.726,-122.191,305000
1432600560,05-11-14,3,1,1190,1,0,0,3,6,1190,0,1959,0,98058,47.4616,-122.184,166950
2287000060,12-09-14,3,2.5,2140,1,0,0,4,8,2140,0,1959,0,98040,47.5505,-122.219,799000
3663500060,25-06-14,3,2.5,2180,1,0,0,4,7,1420,760,1962,0,98133,47.7606,-122.336,400000
3996900125,01-12-14,3,1,1060,1,0,0,3,7,1060,0,1948,0,98155,47.7481,-122.3,230000
7796450200,15-05-14,3,2.5,1690,2,0,0,3,8,1690,0,2003,0,98023,47.2779,-122.347,256883
7549802535,11-11-14,4,2,1970,1.5,0,0,5,7,1130,840,1920,0,98108,47.5511,-122.312,423000
3278600320,23-07-14,3,2.5,2150,2,0,0,3,8,2150,0,2007,0,98126,47.5488,-122.372,465000
2824079053,13-01-15,3,2.5,1910,2,0,0,3,7,1910,0,1997,0,98024,47.5385,-121.911,440000
1222069094,14-10-14,3,1.75,1350,1,0,0,4,7,1350,0,1969,0,98038,47.4058,-121.994,385000
3542300060,11-03-15,3,1,860,1,0,0,4,6,860,0,1943,0,98056,47.5093,-122.184,210000
2222059065,12-11-14,3,2.5,1940,2,0,0,3,8,1940,0,1994,0,98042,47.3777,-122.165,297000
7551300060,16-07-14,3,1,1010,1,0,0,3,7,1010,0,1952,0,98107,47.675,-122.394,470000
100600550,04-08-14,3,1.5,1300,1,0,0,4,7,900,400,1976,0,98023,47.3025,-122.37,226500
3211100860,03-03-15,3,1,910,1,0,0,4,6,910,0,1962,0,98059,47.4787,-122.158,274250
3456000310,04-08-14,4,1.75,2480,1,0,0,4,9,1630,850,1966,0,98040,47.5378,-122.219,840000
9526600140,19-09-14,3,2.5,2440,2,0,0,3,8,2440,0,2010,0,98052,47.7073,-122.114,677900
7465900060,05-02-15,3,1,1010,1,0,0,3,7,1010,0,1915,0,98116,47.5733,-122.381,425000
1222000055,23-11-14,2,0.75,NA,1,0,0,3,6,900,0,1941,0,98166,47.4604,-122.339,180250
6300000550,17-07-14,6,3,2300,2,0,0,3,7,1600,700,1920,1994,98133,47.7067,-122.343,464000
2310030510,22-04-15,4,2.25,1550,2,0,0,NA,8,1550,0,1993,0,98038,47.354,-122.047,320000
1025049114,17-07-14,3,2.25,1270,2,0,0,3,8,1060,210,2014,0,98105,47.6647,-122.284,625504
8677300550,15-05-14,4,2.5,2240,1,0,0,3,9,2240,0,NA,0,98074,47.6143,-122.017,592500
4014400292,14-01-15,3,2.5,2714,2,0,0,3,9,2714,0,2005,0,98001,47.3185,-122.275,465000
1102000196,27-05-14,4,2.75,1720,2,0,0,3,8,1720,0,1978,0,98118,47.5458,-122.268,477000
257000138,15-01-15,2,1,850,1,0,0,3,6,850,0,1923,0,98168,47.4889,-122.299,280000
46100204,21-02-15,5,3,3300,1,0,3,3,9,1870,1430,1957,1991,98040,47.5673,-122.21,1505000
1909600046,03-07-14,3,2.5,2250,2,0,0,3,8,2250,0,2000,0,98146,47.5133,-122.379,445838
1250202145,28-08-14,2,2.25,3900,1,0,3,3,8,1950,1950,1947,0,98144,47.5884,-122.291,1072000
7611200125,23-10-14,2,1.5,1320,1,0,0,4,8,1320,0,1947,0,98177,47.7145,-122.367,467000
5611500140,22-08-14,4,2.5,2760,2,0,0,3,10,2760,0,1999,0,98075,47.5836,-122.026,686000
7138000260,05-06-14,3,2,1750,1,NA,0,3,7,1350,400,1961,0,98198,47.398,-122.299,279950
626059335,04-09-14,4,2.25,2330,2,0,0,3,8,2330,0,1987,0,98011,47.7663,-122.215,527000
1922059282,18-09-14,3,2.25,2220,1,0,0,4,8,1780,440,1966,0,98030,47.3758,-122.217,325000
705700390,03-09-14,3,2.25,2020,2,0,0,3,7,2020,0,1994,0,98038,47.3828,-122.023,328000
7454001200,04-06-14,3,2.25,1250,1,0,0,5,7,1250,0,1942,0,98146,47.5123,-122.373,390000
8682281200,09-03-15,2,2,1510,1,0,0,3,8,1510,0,2005,0,98053,47.7076,-122.013,479950
7972000200,29-05-14,4,2.25,1720,1,0,0,4,7,1120,600,1978,0,98023,47.2922,-122.371,264950
722059070,15-01-15,3,1,1430,1,0,0,4,7,980,450,1961,0,98031,47.4075,-122.214,235000
7202340400,03-03-15,3,2.5,1480,2,0,0,3,7,1480,0,2004,0,98053,47.6794,-122.034,516500
8096000060,13-04-15,2,1.75,1450,2,1,4,3,7,1230,220,1915,1978,98166,47.4497,-122.375,655000
2424000060,16-06-14,4,2.75,NA,1,0,0,5,7,2280,0,1960,0,98059,47.5218,-122.164,500000
9264902050,21-11-14,6,2.75,2940,1,0,0,3,8,1780,1160,1978,0,98023,47.3103,-122.339,315000
943100260,20-11-14,2,1,1000,1,0,0,3,6,1000,0,1961,0,98024,47.5687,-121.899,213000
3677400445,02-09-14,3,1.5,2480,1.5,0,0,5,7,NA,860,1947,0,98108,47.5575,-122.303,475000
1762600320,10-06-14,5,4,3760,2,0,0,3,10,3760,0,1983,0,98033,47.6489,-122.183,1025000
4058000060,09-04-15,3,2,2220,1,0,0,5,7,1640,580,1976,0,98010,47.3459,-121.95,416000
7228500560,20-03-15,4,1,1970,1.5,0,0,3,7,1670,300,1904,2005,98122,47.6136,-122.303,410000
326069104,01-07-14,3,3.5,3830,2,NA,0,3,10,3530,300,1993,0,98077,47.7641,-122.023,800000
5152100060,29-05-14,6,2.5,4410,1,0,2,4,9,2350,2060,1965,0,98003,47.3376,-122.324,472000
3584000310,08-12-14,3,1.75,1430,1,0,0,4,7,1430,0,1968,0,98003,47.3173,-122.319,225000
8150100045,01-10-14,2,1,830,1,0,0,3,6,830,0,1940,0,98126,47.5308,-122.376,210000
1868901275,27-01-15,2,1,1430,1.5,0,0,2,7,1430,0,1925,0,98115,47.6727,-122.299,455000
6131600075,27-04-15,3,1,1300,1,0,0,4,6,1300,0,1954,0,98002,47.3221,-122.216,225000
9468200125,26-08-14,2,1,1030,1,0,NA,4,7,790,240,1918,0,98103,47.6779,-122.353,480000
8029510030,12-02-15,3,2.5,2740,2,0,0,3,9,2740,0,1990,0,98023,47.3076,-122.395,363000
2025069065,29-09-14,4,2.5,3650,1,1,4,3,9,1830,1820,2000,0,98074,47.6338,-122.072,2400000
7899800890,26-02-15,2,1.5,720,1,0,0,3,6,720,0,1954,0,98106,47.5218,-122.357,181000
3021059276,14-03-15,4,2,2010,1,0,0,4,7,2010,0,1976,0,98002,47.2785,-122.213,250000
3797001895,22-04-15,3,1.75,1560,1,0,0,4,6,770,790,1918,0,98103,47.6846,-122.345,481000
3832710960,23-09-14,3,2,1810,1,0,0,4,7,1240,570,1978,0,98032,47.3656,-122.278,260000
1310430400,13-05-14,4,2.5,3360,2,0,0,3,9,3360,0,2001,0,98058,47.4369,-122.111,455000
1422300030,01-04-15,3,2.25,1510,2,0,0,3,8,1510,0,1991,0,98045,47.4616,-121.711,415000
1105000588,21-04-15,3,1,1400,1,0,0,3,7,800,600,1953,0,98118,47.5405,-122.27,349500
3830630060,29-09-14,3,2.5,1730,2,0,0,3,7,1730,0,1987,0,98030,47.3507,-122.178,245000
5101404898,19-05-14,2,2,1420,1.5,0,2,5,7,1420,0,1928,0,98115,47.6979,-122.32,592500
7972601890,20-10-14,4,1.75,2360,1,0,0,4,7,1180,1180,1955,0,98106,47.5278,-122.345,385000
5127001620,11-02-15,3,1.75,1580,1,0,0,4,7,1200,380,1974,0,98059,47.4756,-122.147,315000
9407100800,24-11-14,3,1,1230,1,0,0,3,7,1230,0,1979,0,98045,47.4437,-121.772,255000
1873100060,29-08-14,4,2.5,2460,2,0,0,3,8,2460,0,2006,0,98052,47.7048,-122.109,693000
8722101360,02-12-14,3,1,1660,1.5,0,0,3,8,1460,200,1911,0,98112,47.6362,-122.302,780000
8644000060,24-10-14,3,1.75,1270,1,0,0,4,7,1270,0,1960,0,98198,47.4207,-122.29,237000
3325069129,16-12-14,3,2.25,2100,2,0,0,3,10,1320,780,1979,0,98074,47.6154,-122.047,525000
1400300055,28-04-15,2,1,770,1,0,0,3,5,770,0,1930,0,98144,47.5964,-122.299,425000
2123039032,27-10-14,1,0.75,760,1,1,4,5,5,760,0,1936,0,98070,47.4683,-122.438,369900
8078560140,19-05-14,4,2.5,1700,2,0,0,4,7,1700,0,1988,0,98031,47.4045,-122.171,290000
3438500192,29-09-14,3,1,1120,1,0,0,3,7,1120,0,1954,0,98106,47.5544,-122.358,285000
7974200510,14-08-14,2,1,1070,1,0,0,3,7,1070,0,1937,0,98115,47.6802,-122.29,415000
2557000400,09-04-15,3,2.5,2070,1,0,0,3,8,NA,650,1979,0,98023,47.2988,-122.371,272500
7960900060,04-05-15,4,3.25,5050,NA,0,2,3,11,4750,300,1982,2008,98004,47.6312,-122.223,2900000
4054500390,07-10-14,4,4.75,5310,2,0,0,4,11,5310,0,1989,0,98077,47.7285,-122.042,1365000
6378500125,01-05-15,2,1,1040,1,0,0,4,7,1040,0,1939,0,98133,47.7107,-122.352,436000
1745100140,17-10-14,3,1,1700,1,0,0,4,7,1700,0,1967,0,98003,47.3271,-122.323,210000
2976800796,25-09-14,3,1,1300,1,0,0,3,7,1300,0,1961,0,98178,47.5053,-122.255,236000
4235400186,24-11-14,3,1.75,1080,1,0,0,3,7,580,500,1954,2003,98199,47.6601,-122.4,331000
4215100060,20-03-15,3,2.5,2653,2,0,0,3,8,2653,0,2006,0,98031,47.4145,-122.166,365000
9189700045,27-01-15,3,2,2290,1,0,0,5,8,2290,0,1960,0,98058,47.4672,-122.165,450000
1126049053,13-11-14,4,2.75,3820,2,0,0,3,9,2850,970,2014,0,98028,47.7618,-122.261,770000
2022069200,05-05-15,4,2.5,2210,1,0,0,3,8,2210,0,1997,0,98038,47.3828,-122.071,455000
9412900055,05-05-15,3,1.75,2390,1,0,0,3,6,1240,1150,1908,0,98118,47.5362,-122.268,405000
1722059235,03-07-14,4,1.75,2600,1,0,0,4,7,1610,990,1969,0,98031,47.3954,-122.206,304900
6874200960,27-02-15,2,1,860,1,0,0,3,6,860,0,1931,0,98178,47.5048,-122.272,170000
7424700045,13-05-15,5,3,3830,2,0,1,5,9,2630,1200,1905,1994,98122,47.6166,-122.287,2050000
7202360350,30-06-14,4,2.5,3500,2,0,0,3,9,3500,0,2005,0,98053,47.6811,-122.025,780000
5634500392,10-04-15,3,3,2420,1,0,0,4,8,1740,680,1988,0,98028,47.7486,-122.23,330000
1509500060,05-09-14,4,2.5,2720,2,0,0,3,9,2720,0,1992,0,98030,47.3846,-122.169,370000
7214810350,17-10-14,5,2.25,NA,1,0,0,3,7,1850,650,1979,0,98072,47.7564,-122.144,467000
6647200060,09-02-15,3,1.75,1670,1,0,0,3,7,1140,530,1980,0,98034,47.7198,-122.193,405000
9552700140,02-07-14,5,2.25,2900,1,0,0,3,8,1450,1450,1985,0,98006,47.5461,-122.151,675000
2200500350,12-08-14,2,1,1640,1,0,0,4,7,1140,500,1954,0,98006,47.5712,-122.143,500000
6113400046,23-07-14,4,2.5,1890,2,0,0,4,7,1890,0,1968,0,98166,47.4281,-122.343,389999
6619910140,24-02-15,4,1.75,2950,1,0,2,4,8,1780,1170,1975,0,98034,47.7128,-122.223,630000
1115450240,22-10-14,4,2.5,2160,2,0,0,3,9,2160,0,NA,0,98001,47.3341,-122.255,360000
6073240060,02-10-14,4,3,3280,2,0,0,3,8,2270,1010,1986,0,98056,47.5399,-122.181,580000
9297300045,09-07-14,3,2,1970,2,0,3,5,8,1270,700,1929,0,98126,47.5717,-122.375,550000
9510920070,10-07-14,4,2.5,3360,2,0,0,3,10,3360,0,1994,0,98075,47.5951,-122.017,879000
5468730030,22-08-14,3,2,1320,1,0,NA,3,7,1320,0,1993,0,98042,47.3536,-122.144,265000
8079030390,04-03-15,3,2.5,2650,2,0,0,3,8,2650,0,1990,0,98059,47.5084,-122.154,446500
600000152,02-06-14,3,1.5,2030,1,0,0,3,7,1330,700,1963,0,98108,47.5586,-122.311,404000
1840000030,29-05-14,3,1.75,1590,1,0,2,3,7,1090,500,1957,0,98188,47.4427,-122.274,267500
3225069065,24-06-14,4,5,4550,1,1,4,3,10,2600,1950,2002,0,98074,47.6053,-122.077,3075000
3260800030,11-08-14,3,2.5,2440,2,0,0,3,8,2440,0,1998,0,98003,47.3494,-122.301,335000
2747100024,19-06-14,3,2.5,1940,1,0,0,4,7,970,970,1948,0,98117,47.6933,-122.393,576000
5104530560,01-04-15,3,2.5,2040,2,0,0,3,8,2040,0,2006,0,98038,47.3537,-122,208633
4330600350,15-01-15,3,2.25,2200,1,0,0,4,7,1120,1080,1964,0,98166,47.476,-122.337,315000
5016001535,17-02-15,3,1.75,1920,1,0,0,4,8,960,960,1913,0,98112,47.6239,-122.298,725000
7280300196,03-04-15,4,2.75,1800,1,0,0,4,8,1400,400,1965,0,98177,47.7776,-122.384,550000
8651520400,12-06-14,4,2.25,2180,2,0,0,3,8,2180,0,1984,0,98074,47.6459,-122.058,610750
7171200445,28-02-15,2,1,1010,1.5,0,0,4,6,1010,0,1908,0,98105,47.6692,-122.297,550700
3204800200,08-01-15,4,2.75,3320,2,0,0,5,8,2220,1100,1960,0,98056,47.5376,-122.18,665000
3416600800,09-02-15,4,2.5,2370,1.5,0,2,5,8,1980,390,1928,0,98144,47.601,-122.294,834000
7994700030,23-10-14,5,1.75,1660,1.5,0,0,3,6,1660,0,1915,0,98065,47.529,-121.837,201000
1860600135,02-05-14,5,2.5,3650,2,0,4,5,10,3370,280,1921,0,98119,47.6345,-122.367,2384000
4139480200,18-06-14,4,3.25,4290,1,0,3,3,11,2690,1600,1997,0,98006,47.5503,-122.102,1384000
4139480200,09-12-14,4,3.25,4290,1,0,3,3,11,2690,1600,1997,0,98006,47.5503,-122.102,1400000
1328320800,05-11-14,4,2.25,1950,1,0,0,3,8,1350,600,1979,0,98058,47.4441,-122.125,305000
7771300125,08-04-15,3,2,2590,1,0,0,5,8,1720,870,1948,0,98133,47.7357,-122.333,487000
3422059208,11-05-15,3,2.5,1930,1,0,0,4,8,1930,0,1988,0,98042,47.346,-122.157,390000
9521101455,23-07-14,2,1,1470,1,0,0,4,7,1170,NA,1916,0,98103,47.6638,-122.345,548000
4337000335,22-11-14,4,1,800,1,0,0,3,6,800,0,1943,0,98166,47.48,-122.336,268750
325059286,13-05-14,5,2.75,3150,2,0,0,3,9,3150,0,2013,0,98052,47.6759,-122.151,819900
2597650240,23-10-14,3,2.25,2030,2,0,0,3,8,2030,0,1984,0,NA,47.5162,-122.057,520000
3353400435,21-07-14,3,2,1450,1,0,0,3,7,1450,0,2003,0,98001,47.2639,-122.252,230000
7972000240,02-02-15,3,1.75,1510,1,0,0,3,7,1510,0,1969,0,98023,47.2929,-122.371,240000
7520000520,05-09-14,2,1,1240,1,0,0,3,6,960,280,1922,1984,98146,47.4957,-122.352,232000
7520000520,11-03-15,2,1,1240,1,0,0,3,6,960,280,1922,1984,98146,47.4957,-122.352,240500
3530210260,27-10-14,3,2.5,3030,2,0,0,3,9,3030,0,1987,0,98077,47.7721,-122.093,274975
1959700550,05-09-14,4,2,2050,1.5,NA,0,4,9,2050,0,1922,0,98102,47.644,-122.319,740000
1665400045,28-04-15,3,1,1000,1,0,0,2,7,1000,0,1952,0,98166,47.472,-122.344,186375
9542850320,25-07-14,3,2.25,NA,1,0,0,4,9,1590,780,1977,0,98005,47.592,-122.166,790000
3179100060,16-09-14,4,3.5,2800,2,0,0,3,9,1890,910,1951,2002,98105,47.669,-122.275,880000
2946001550,16-04-15,6,1.75,2240,2,0,0,4,7,2240,0,1955,0,98198,47.42,-122.323,279000
8078490390,29-07-14,3,2,1810,1,0,2,3,8,1810,0,1991,0,98022,47.1913,-122.012,295000
9550201550,08-04-15,2,1,1070,1,0,0,3,7,1070,0,1924,0,98103,47.6666,-122.331,640000
191100045,03-07-14,4,2,2490,2,0,0,5,9,2490,0,1968,0,98040,47.5639,-122.217,940000
5009600070,07-10-14,4,2.5,1960,2,0,0,3,7,1960,0,2003,0,98038,47.3483,-122.052,260000
200350070,02-06-14,3,2.75,2930,1,0,0,3,9,1860,1070,2004,0,98072,47.7648,-122.164,559900
2877103726,22-07-14,4,2,1510,1.5,0,0,5,7,1510,0,1911,0,98103,47.6794,-122.357,791500
405100295,26-08-14,3,1.75,1420,1,0,0,3,7,1420,0,1954,0,98133,47.7535,-122.354,265000
4268200055,01-05-15,3,1.75,1740,1,0,0,3,7,1740,0,1954,0,98178,47.4945,-122.22,245000
3126069068,24-04-15,4,1.75,2560,2,0,0,4,7,2560,0,1962,0,98052,47.6945,-122.093,485000
1115300070,06-11-14,4,3.5,3040,2,0,0,3,9,2420,620,2010,0,98059,47.5222,-122.157,684000
6414100671,09-09-14,3,1.75,2500,1,0,0,3,8,1300,1200,1957,0,98125,47.7222,-122.32,425000
7004200060,17-10-14,4,1.75,1275,1,0,0,4,6,1275,0,1991,0,98070,47.3796,-122.49,309600
7852110140,18-07-14,4,2.5,2580,2,0,0,3,8,2580,0,2002,0,98065,47.5374,-121.875,552250
3969300030,23-07-14,4,1,1000,1,0,0,3,6,1000,0,1943,0,98178,47.4897,-122.24,165000
3969300030,29-12-14,4,1,1000,1,0,0,3,6,1000,0,1943,0,98178,47.4897,-122.24,239900
4048400070,05-12-14,2,1,1070,1,0,0,4,6,1070,0,NA,0,98059,47.4716,-122.078,320000
808000070,21-10-14,3,2,1390,1,0,0,4,7,1390,0,1987,0,98030,47.3581,-122.173,206600
7374200030,16-04-15,4,1.75,2500,1,0,0,3,7,1250,1250,1973,0,98155,47.7713,-122.307,387000
7325600160,04-06-14,1,0.75,560,1,0,0,3,4,560,0,1967,0,98014,47.675,-121.854,299000
2757000030,22-09-14,4,2.75,2270,2,0,0,3,9,2270,0,1965,0,98040,47.5603,-122.222,855000
616000140,26-01-15,3,1,NA,1,0,0,4,7,1300,600,1954,0,98166,47.4147,-122.337,315000
3363900111,03-12-14,2,1,990,1,0,2,NA,7,790,200,1907,0,98103,47.68,-122.353,437500
9262800171,24-03-15,4,1.5,1550,1,0,0,4,7,1050,500,1969,0,98001,47.3117,-122.27,252000
6607000126,04-06-14,4,1.75,2200,1,0,0,5,7,1100,1100,1955,0,98118,47.543,-122.28,375000
5416510830,06-08-14,4,2.5,1910,2,0,0,3,7,1910,0,2005,0,98038,47.3607,-122.034,300000
2201500030,06-10-14,4,1,1750,1.5,0,0,4,7,NA,0,1954,0,98006,47.5759,-122.137,420000
325059171,05-05-14,3,1,1330,1,0,0,3,7,1330,0,1928,1954,98033,47.6891,-122.159,900000
952003285,05-08-14,3,2.5,2440,2,0,2,3,9,1980,460,2000,0,98116,47.565,-122.381,679900
3211290370,05-06-14,3,2.5,1640,2,0,0,3,7,1640,0,1992,0,98053,47.6359,-121.974,463000
1072010350,28-08-14,5,2.5,2760,2,0,0,4,9,2760,0,1978,0,98059,47.4769,-122.141,380000
8856950070,10-12-14,4,2.5,1820,2,0,0,3,7,1820,0,1994,0,98038,47.3845,-122.029,329500
925059078,19-08-14,3,2.5,2110,1,0,0,3,8,1340,770,2013,0,98033,47.6743,-122.184,604950
7855801090,17-09-14,5,2.5,3040,1,0,2,4,8,1640,1400,1966,0,98006,47.5651,-122.164,795000
723099065,30-01-15,3,2,1840,2,0,0,3,7,1840,0,1994,0,98045,47.4853,-121.709,465000
6116500075,26-03-15,4,2.5,2990,2,0,0,3,9,2990,0,2002,0,98166,47.4508,-122.359,673000
1118500030,01-10-14,4,2.5,3520,2,0,0,3,10,3520,0,1991,0,98074,47.6375,-122.016,810000
424069250,23-04-15,4,2.75,2440,1,0,0,4,8,1910,530,1989,0,98075,47.5944,-122.042,785000
3291800710,20-11-14,4,3,2090,1,0,0,3,7,1370,720,1986,0,98056,47.4888,-122.182,338000
6838700060,04-12-14,3,2.25,1430,2,0,0,3,7,1430,0,1993,0,98056,47.5112,-122.19,280000
2231500030,01-10-14,4,2.25,2180,1,0,0,5,7,1100,1080,1954,0,98133,47.7711,-122.341,315000
2231500030,24-03-15,4,2.25,2180,1,0,0,5,7,1100,1080,1954,0,98133,47.7711,-122.341,530000
7683900200,23-12-14,5,3,3450,2,0,0,3,9,3450,0,2004,0,98023,47.2813,-122.345,380000
8155830060,11-08-14,3,2.25,1450,2,0,0,3,7,1450,0,1994,0,98056,47.5038,-122.189,297000
98020310,20-05-14,4,2.5,3230,2,0,0,3,10,3230,0,2004,0,98075,47.5823,-121.97,730000
9423400140,09-06-14,3,1.75,1640,1,0,0,3,7,1110,530,1940,0,98125,47.7164,-122.304,450000
1545804860,27-10-14,3,3,1590,1,0,0,3,7,1060,530,1997,0,98038,47.3624,-122.045,275000
2883200160,29-04-15,4,2,2020,2,0,0,3,NA,2020,0,1960,NA,98115,47.6831,-122.329,595000
7132300695,21-04-15,3,1.5,1300,NA,0,0,3,NA,1300,0,1904,2014,98144,47.592,-122.307,435000
1726059053,16-09-14,2,1.5,1380,1,0,0,1,NA,1380,0,1954,0,98011,47.7461,-122.195,270000
624111000,05-08-14,3,NA,4040,2,0,0,3,NA,3030,1010,1986,0,98077,47.7268,-122.06,950000
808300310,13-03-15,4,2.25,2130,2,NA,0,3,NA,2130,0,2001,0,98019,47.7237,-121.959,389000
8563040160,21-01-15,4,2.25,2550,1,0,0,3,NA,1580,NA,1968,0,98052,47.6283,-122.095,560000
713500030,28-07-14,5,3.5,4800,2,0,2,3,NA,3480,NA,1998,0,98006,47.5543,-122.148,1350000
8651600160,11-11-14,4,2.25,2510,2,0,0,4,8,2510,0,1969,0,98040,47.5483,-122.226,799000
9517200030,25-06-14,3,2,1410,1,0,0,4,7,1410,0,1983,0,98072,47.7591,-122.146,365500
2460700700,15-05-14,3,2,1650,1,0,0,3,7,1160,490,1979,0,98058,47.4612,-122.169,252350
1223039290,05-09-14,4,2.5,2120,2,0,0,3,8,2120,0,1993,0,98146,47.4987,-122.365,403950
2890100060,01-08-14,4,1.5,2040,1,0,0,3,7,1380,660,1954,0,98177,47.772,-122.358,385000
7972600860,10-12-14,4,1,1550,1.5,0,0,3,7,1550,0,1957,0,98106,47.5287,-122.35,345000
8857320070,17-09-14,3,2.75,1980,2,0,0,4,9,1980,0,NA,0,98008,47.6109,-122.114,490000
4047200695,18-06-14,3,2.5,1600,2,0,0,3,8,1600,0,2005,0,98019,47.7736,-121.901,330000
1653500070,12-05-14,4,2.75,3300,2,0,0,3,8,3300,0,1953,0,98004,47.6294,-122.218,927000
1923000030,28-07-14,4,2.5,3840,2,0,1,4,10,3840,0,1983,0,98040,47.5634,-122.213,1118000
3649100320,30-04-15,2,1,1220,1,0,0,5,7,1220,0,1950,0,98028,47.7405,-122.241,330000
7375300160,09-03-15,5,2.25,2720,1,0,0,4,7,1500,1220,1958,0,98008,47.5976,-122.118,530000
5175800060,23-06-14,4,2,1940,1,0,0,1,8,1940,0,1962,0,98006,47.5722,-122.129,365000
1604601375,19-06-14,3,2.5,2160,1.5,0,0,3,7,1260,900,1909,2011,98118,47.5644,-122.289,378750
2473251090,19-06-14,4,1.75,1530,1.5,0,0,4,7,1530,0,1968,0,98058,47.4556,-122.157,269900
9126100861,06-03-15,3,3.5,1710,2,0,0,3,8,1290,420,2008,0,98122,47.6055,-122.305,557000
3420069065,25-08-14,4,1.75,3730,1,0,0,4,7,2150,1580,1974,0,98022,47.1775,-122.022,360000
6021501685,22-04-15,2,1,940,1,0,0,4,7,940,0,1937,0,98117,47.6879,-122.385,352000
1151100070,24-02-15,3,2.5,1750,2,0,0,3,8,1750,0,1994,0,98045,47.4807,-121.779,437000
8856950240,18-06-14,4,2.5,1820,2,0,0,3,7,1820,0,1994,0,98038,47.3845,-122.032,322500
9385200055,12-09-14,3,3.25,1510,2,0,0,3,9,1330,180,2001,0,98116,47.5815,-122.402,650000
7821200390,06-08-14,3,2,1290,3,0,0,3,8,1290,0,2001,0,98103,47.6609,-122.344,450000
8078520310,17-04-15,3,2,1570,1,0,0,3,7,1570,0,1998,0,98092,47.3163,-122.188,278500
1565950030,27-04-15,4,2.5,1930,2,0,0,3,8,1930,0,1995,0,98055,47.4309,-122.191,364950
1560930070,11-09-14,4,3.5,2840,1,0,4,4,10,2840,0,1986,0,98038,47.401,-122.026,840000
6700400140,18-03-15,3,2.5,1550,2,0,0,3,7,1550,0,1991,0,98031,47.404,-122.191,268000
2422029094,16-07-14,2,1,833,1,0,0,3,5,833,0,2006,0,98070,47.3889,-122.482,517534
1774220160,04-11-14,3,2.5,2990,2,0,0,4,8,2990,0,1978,0,98077,47.7718,-122.095,632925
1525200060,23-07-14,3,2.5,2000,2,0,0,3,9,2000,0,1995,0,98034,47.7067,-122.2,577500
1678400105,12-02-15,4,1.5,2390,1.5,0,2,3,7,NA,0,1920,0,98178,47.504,-122.227,339000
3426059070,09-09-14,3,1.75,2910,1,0,0,4,7,1530,1380,1967,0,98052,47.7015,-122.164,570000
824079032,26-06-14,4,1.75,2085,1,0,0,3,7,1610,475,1964,0,98024,47.5753,-121.95,563500
2697100140,05-01-15,4,2.25,2200,1,0,0,5,7,1290,910,1962,0,98133,47.7448,-122.333,423000
8724300030,23-12-14,3,2.25,1860,2,0,0,3,8,1860,0,2012,0,98019,47.7318,-121.982,355000
8678500060,10-07-14,5,4.25,6070,2,0,0,3,12,6070,0,1999,0,98024,47.5954,-121.95,1550000
625049299,03-12-14,2,1,NA,1,0,0,3,7,950,0,1941,0,98103,47.6885,-122.337,482000
6073200075,30-07-14,3,1.75,1600,1,0,0,5,7,1600,0,1955,0,98006,47.5724,-122.179,625000
6388900710,19-12-14,3,2.5,2250,2,0,0,3,8,2250,0,1988,0,98056,47.5272,-122.169,538000
1442860160,07-01-15,3,2.5,2280,2,0,0,4,8,2280,0,1985,0,98058,47.4334,-122.161,380000
7942600310,17-07-14,2,1,940,1,0,0,3,7,940,0,1909,0,98122,47.6073,-122.308,375000
1545808560,03-04-15,3,2.5,1530,1,0,0,5,7,1030,500,1996,0,98038,47.3592,-122.046,245000
936000060,14-11-14,5,1.75,2190,1,0,0,4,7,2190,0,1947,1974,98166,47.4546,-122.337,310000
9808650060,25-02-15,3,2,2350,1,0,0,4,8,1770,580,1976,0,98004,47.6408,-122.219,1300000
3754700160,06-05-14,4,2,1440,1,0,0,3,7,1200,240,1971,0,98034,47.7245,-122.2,397000
305500140,12-05-15,3,2.5,2200,2,0,0,3,8,2200,0,2005,0,98058,47.4362,-122.178,365000
5468750060,28-10-14,4,3,2290,2,0,0,3,9,2290,0,1990,0,98042,47.3739,-122.156,328500
2944010240,08-09-14,4,3,4040,2,0,0,3,11,4040,0,1987,0,98052,47.7205,-122.127,988000
3454000060,22-07-14,4,2.5,2610,1.5,0,0,5,8,1920,690,1922,0,98103,47.6636,-122.33,1000000
646910160,03-09-14,3,2.5,1490,2,0,0,3,7,1490,0,2005,0,98055,47.4324,-122.197,237000
8564950390,19-09-14,4,2.5,2450,2,NA,NA,3,8,2450,0,2003,0,98011,47.7734,-122.224,525000
2268400350,16-09-14,4,2.5,1710,1,NA,NA,3,9,1440,270,1976,2014,98006,47.559,-122.164,749000
7504101040,21-08-14,5,2.5,4870,2,NA,NA,3,10,3470,1400,1983,0,98074,47.633,-122.041,722500
11500890,12-03-15,3,2.5,3130,2,NA,NA,3,10,3130,0,1991,0,98052,47.6954,-122.103,843000
9528102772,08-07-14,2,2,1270,3,NA,NA,3,8,1270,0,2000,0,98115,47.6776,-122.318,438000
284000223,16-09-14,3,1.75,2120,1,0,2,3,8,1540,580,1977,0,98146,47.504,-122.382,578000
3353401710,23-09-14,3,1.5,1670,1,0,0,5,7,1670,0,1954,0,98001,47.2613,-122.255,227950
8159610030,22-07-14,3,2.25,2070,2,0,0,3,7,2070,0,1974,0,98001,47.3417,-122.271,196000
3179100435,15-07-14,2,1,1420,1,0,0,3,8,1070,350,1953,0,98105,47.6694,-122.275,641000
822079033,22-04-15,3,1.5,1250,1,0,0,4,6,1250,0,1980,0,98038,47.4056,-121.955,350000
8857600960,19-08-14,3,1,940,1,0,0,4,7,940,0,1960,0,98032,47.3838,-122.289,205000
1774000200,02-12-14,3,1.75,1920,1,0,0,3,7,1920,0,1968,0,98072,47.7487,-122.082,400000
2024069128,10-11-14,3,2.5,3545,1,0,0,3,10,2610,935,2005,0,98027,47.5534,-122.078,1030000
1049010390,19-03-15,3,2,1260,1,0,0,3,7,1260,0,1972,0,98034,47.7355,-122.18,505000
7905370390,09-10-14,5,2.5,NA,1,0,0,3,7,1300,1040,1975,0,98034,47.7206,-122.211,475000
4140090240,05-11-14,3,2.25,2590,1,0,0,5,8,1440,1150,1977,0,98028,47.7691,-122.262,520000
4055700030,02-05-15,3,4.5,3970,2,0,2,3,10,3260,710,1977,NA,98034,47.7183,-122.258,1450000
3775300030,31-12-14,3,1.75,1220,1,0,0,3,7,1220,0,1965,0,98011,47.7736,-122.214,333500
2525300030,22-02-15,3,1,1400,1,0,0,4,6,1400,0,1976,0,98038,47.362,-122.029,232000
1324059104,21-04-15,3,2.75,2360,1,0,0,4,8,1710,650,1983,0,98006,47.5698,-122.121,691100
2287000030,14-10-14,3,1.75,1870,1,0,0,4,8,1870,0,1960,0,98040,47.5505,-122.221,811000
7702010030,20-05-14,3,2.5,2830,2,0,0,3,9,2830,0,2001,0,98028,47.7605,-122.234,551000
1529200340,08-01-15,3,2.5,2260,2,0,0,3,8,2260,0,1994,0,98072,47.7356,-122.157,496500
2122039094,26-11-14,3,3,1970,2,1,3,4,9,1770,200,1980,0,98070,47.3844,-122.438,705000
1742800030,12-06-14,4,2.5,3140,1,0,2,5,9,1770,1370,1966,0,98055,47.4904,-122.226,578000
1796360350,28-01-15,3,1.75,1240,1,0,0,5,7,1240,0,1986,0,98042,47.3663,-122.089,255000
6154500070,26-06-14,4,3.5,3450,2,0,0,3,10,3450,0,2007,0,98006,47.5637,-122.123,1050000
1843100340,05-03-15,3,2.25,2570,2,0,0,4,8,2570,0,1989,0,98042,47.3759,-122.125,348000
8944290160,04-11-14,3,2,1510,2,0,0,3,7,1510,0,1985,0,98031,47.3912,-122.167,230000
4166600473,09-12-14,4,2.25,2390,2,0,0,3,9,2390,0,1988,0,98023,47.3305,-122.371,359500
7282300125,12-11-14,3,1,980,1,0,0,3,6,980,0,1953,0,98133,47.7617,-122.357,330000
8658300340,23-05-14,1,0.75,430,1,0,0,2,4,430,0,1912,0,98014,47.6499,-121.909,80000
2419600075,01-12-14,3,1.75,1480,1,0,0,3,7,1480,0,1954,0,98133,47.7311,-122.353,465000
2621760350,15-10-14,4,2.5,1850,2,NA,0,3,8,1850,0,1997,0,98042,47.3701,-122.107,325000
1723049270,07-01-15,3,2,2270,1,0,0,4,7,1920,350,1947,0,98168,47.4857,-122.318,340500
4123840310,06-01-15,3,2.5,1810,2,0,0,3,8,1810,NA,1993,0,98038,47.3724,-122.042,342500
2172000075,23-06-14,2,2,1610,2,0,0,3,6,1610,0,1930,1983,98178,47.4855,-122.266,290900
8651611170,13-02-15,3,4.25,3840,2,0,0,3,10,3840,0,2000,0,98074,47.6336,-122.064,868700
8820902200,13-11-14,4,2.75,4110,2,0,1,3,9,3130,980,1928,2013,98125,47.717,-122.281,1199000
8651610890,14-10-14,4,3.25,4190,NA,0,0,3,11,3150,1040,2000,0,98074,47.6332,-122.066,1150000
1853080570,11-08-14,4,2.75,3390,2,0,0,3,9,3390,0,2011,0,98074,47.5906,-122.062,859900
3629920030,08-08-14,4,2.25,1890,2,0,0,3,7,1890,0,2003,0,98029,47.5461,-121.998,520000
1604602050,11-07-14,3,2.5,1610,2,0,2,3,9,1080,530,2005,0,98118,47.5674,-122.29,460000
6844700810,01-09-14,3,1.5,1050,1,0,0,3,7,850,200,1949,0,98115,47.6943,-122.29,438924
66000070,06-04-15,2,1,630,1,0,0,3,5,630,0,1918,0,98126,47.5486,-122.38,315000
6665800030,18-07-14,4,2.75,2910,1,0,2,3,8,1780,1130,1975,0,98033,47.6658,-122.188,590000
2205700350,04-11-14,4,1.75,1700,1,0,0,3,7,850,850,1955,0,98006,47.5772,-122.153,378500
5466000030,03-06-14,3,2.5,1950,2,0,0,4,9,1950,0,1990,0,98042,47.3875,-122.161,328500
6189200125,25-03-15,3,3,NA,2,0,0,4,8,2990,0,1973,0,98005,47.6344,-122.174,849950
9169600135,27-10-14,3,1.5,1350,1,0,2,3,7,900,450,1950,NA,98136,47.5275,-122.391,525000
2625069070,10-04-15,4,3.25,4860,2.5,0,0,NA,9,4860,0,1993,0,98074,47.6179,-122.005,1385000
8732131090,28-04-15,4,2.5,2160,1,0,0,4,8,1460,700,1978,0,98023,47.3078,-122.378,295000
9286000240,11-07-14,6,3.5,4860,2,0,0,3,11,3860,1000,1998,0,98006,47.5521,-122.137,1067000
1895000260,21-07-14,2,2,890,1,0,0,3,6,890,0,1917,0,98118,47.5158,-122.264,207950
8691370400,16-12-14,4,2.75,2810,2,0,0,3,9,2810,0,2002,0,98075,47.5985,-121.977,699900
5423010350,10-02-15,5,2.5,3400,2,0,1,4,8,3400,0,1977,0,98027,47.5645,-122.082,1280000
8562501040,20-11-14,4,1.5,1580,1,0,0,4,7,960,620,1963,0,98052,47.6734,-122.154,452000
2475200140,05-02-15,3,2,1680,1,0,1,4,7,1680,0,1987,0,98055,47.4734,-122.186,370000
7942100310,27-01-15,3,1.75,1300,1,0,0,5,7,1300,0,1968,0,98042,47.3811,-122.087,232000
3760000030,30-10-14,5,2.5,2820,2,0,0,4,7,2380,440,1960,0,98034,47.7081,-122.215,669950
1727500340,14-06-14,3,2,1510,NA,0,0,3,7,1070,440,1972,0,98034,47.7193,-122.216,397500
9828702519,12-05-14,2,2.5,1230,2,0,0,3,8,870,360,2004,0,98112,47.6192,-122.301,490000
4432600075,28-01-15,4,2,2110,2,0,0,3,9,1710,400,1925,2003,98116,47.5836,-122.387,725000
7806300030,17-09-14,3,2.75,3080,1,0,2,4,7,1610,1470,1958,0,98032,47.3841,-122.284,299000
9274202270,18-08-14,2,1.5,1490,1.5,0,0,4,7,1190,300,1900,0,98116,47.5872,-122.39,625000
7852030960,06-11-14,3,2.5,2120,2,0,0,3,7,2120,0,2000,0,98065,47.5322,-121.88,437500
7852170140,10-05-15,4,2.5,3180,2,0,0,3,9,3180,0,2003,0,98065,47.5416,-121.864,650000
7518503335,19-05-14,2,1,1490,1,0,0,3,7,860,630,1929,0,98117,47.6799,-122.381,475000
5467900070,02-05-14,3,2,1930,1,0,0,4,8,1930,0,1966,0,98042,47.3672,-122.151,342000
1245002952,15-10-14,4,2.5,2770,2,0,0,3,10,2770,0,1999,0,98033,47.684,-122.205,1197350
8906200070,10-02-15,3,1.5,1670,1,0,0,4,7,1670,0,1963,0,98055,47.4404,-122.191,280000
5379805885,21-05-14,2,1.75,1330,1,0,0,3,7,1330,0,1993,0,98188,47.4467,-122.281,240000
2769600560,27-05-14,3,1,1210,1.5,0,0,4,7,1210,0,1924,0,98107,47.6729,-122.363,529000
9238901420,02-02-15,3,1,1190,1,0,0,4,7,1030,160,1941,0,98136,47.5346,-122.385,442000
5113400431,08-05-14,2,1,1540,1,0,0,4,7,820,720,1946,0,98119,47.6454,-122.373,615000
3885805665,12-06-14,4,3.75,4030,2,0,0,3,10,4030,0,2006,0,98033,47.6821,-122.196,1485000
8121200810,05-05-15,4,1.75,2430,1,0,0,4,8,1580,850,1981,0,98052,47.7206,-122.11,585000
5126310400,05-03-15,4,2.5,2600,2,0,0,3,8,2600,0,2005,0,98059,47.4877,-122.139,480000
7322910030,21-07-14,5,3.5,4410,2,0,0,4,9,4410,0,1990,0,98053,47.6554,-122.018,1095000
2827100070,05-11-14,NA,1,1330,1.5,0,0,3,7,1330,0,1949,0,98133,47.7343,-122.347,290000
9276201895,20-08-14,3,1.75,1900,NA,0,0,5,7,950,950,1951,0,98116,47.5789,-122.393,615000
4402700070,11-03-15,2,1,1100,1,0,0,4,7,1100,0,1950,0,98133,47.7439,-122.339,300000
1922059046,29-10-14,NA,NA,1980,1.5,0,0,3,6,1580,400,1932,0,98030,47.3818,-122.225,308000
925059288,07-05-15,3,2.5,2400,2,0,0,3,9,2400,0,2001,0,98033,47.6734,-122.173,750000
4386700135,14-11-14,4,2.25,4760,2.5,0,0,5,9,3390,1370,1916,0,98112,47.6415,-122.285,2250000
1923069078,05-08-14,4,3.25,3180,2,0,0,3,10,3180,0,2005,0,98059,47.4711,-122.084,890000
1432400335,25-03-15,3,1,1190,1,0,0,5,6,1190,0,1958,0,98058,47.452,-122.177,288000
1180003090,06-09-14,2,1,630,1,0,0,3,6,NA,NA,1943,2005,98178,47.4973,-122.221,190000
726049331,26-03-15,5,3,2530,1,0,0,3,8,NA,NA,2005,0,98133,47.7546,-122.341,515000
3340401555,05-11-14,4,1.5,1690,1,0,0,4,5,1690,0,1930,0,98055,47.4667,-122.215,235000
7453000070,18-08-14,2,1,940,1,0,0,3,6,940,0,1951,0,98126,47.5186,-122.374,275000
4348800030,21-11-14,2,2,1240,1,0,0,4,7,1240,0,1952,0,98004,47.6221,-122.193,727500
7202331420,20-06-14,4,2.5,3040,2,0,0,3,7,3040,0,2003,0,98053,47.683,-122.039,650000
3225079035,18-06-14,6,5,6050,NA,0,3,3,11,6050,0,2001,0,98024,47.6033,-121.943,1600000
6381500700,05-11-14,4,1,1590,1.5,0,0,3,6,1590,0,1944,0,98125,47.7315,-122.305,365000
339500160,08-10-14,3,1.75,2500,1,0,0,3,9,2500,0,1984,0,98052,47.6917,-122.084,662000
1545807610,29-04-15,3,2.5,1780,1,0,0,3,7,1320,460,1978,0,98038,47.3608,-122.056,270500
1843200240,05-05-15,2,1.5,1360,2,0,0,3,7,1360,0,1978,0,98092,47.2852,-122.19,200000
4403600270,24-02-15,4,3.25,4740,2,0,0,3,10,4740,0,1987,0,98075,47.5931,-122.071,970000
2008200060,24-06-14,3,1.5,1010,1,0,0,4,7,1010,0,1962,0,98198,47.4097,-122.316,160000
1521069070,18-02-15,3,1,1040,1,0,0,4,6,1040,0,1971,0,98010,47.3105,-122.021,204000
2459500310,18-02-15,3,2.25,1610,2,0,0,4,7,1610,0,1985,0,98058,47.4296,-122.161,358000
6204420070,01-05-15,4,1.75,1570,1,0,0,3,7,1570,0,1979,0,98011,47.7373,-122.197,452000
5694500105,04-12-14,2,2,1510,1,0,0,4,7,1010,500,1900,0,98103,47.6582,-122.345,595000
5466410030,10-04-15,3,2,1360,1,0,0,3,7,1360,0,1994,0,98042,47.3577,-122.16,249000
9485740340,10-03-15,4,2.5,1970,2,0,0,3,8,1970,0,1999,0,98055,47.449,-122.205,346900
622049114,18-02-15,3,2.5,5403,2,1,4,4,12,5403,0,1976,0,98166,47.4169,-122.348,2125000
2270000070,30-10-14,4,2.5,1560,2,0,0,3,7,1560,0,2003,0,98056,47.5025,-122.186,280000
1310900260,13-10-14,4,1.75,2320,1,0,0,4,8,2270,50,1973,0,98032,47.3644,-122.28,318888
224069094,11-09-14,3,2.25,2120,1,0,0,3,8,2120,0,1967,0,98075,47.5896,-122.009,530000
7800800160,21-11-14,3,2.25,2120,2,0,0,4,8,2120,0,1983,0,98031,47.3914,-122.169,375000
2944000240,22-04-15,4,2.5,3350,2,0,0,3,11,3350,0,1988,0,98052,47.7197,-122.131,910000
4139400710,23-05-14,4,2.5,2380,2,0,0,4,10,2380,0,1991,0,98006,47.5623,-122.116,782000
7899800860,19-03-15,2,2,1070,2,0,0,3,9,720,350,2008,0,98106,47.5213,-122.357,259950
2473420140,23-09-14,4,2.75,2300,1,0,0,4,7,1560,740,1979,0,98058,47.4518,-122.16,315000
5000500055,28-05-14,2,1,1320,1,0,0,4,6,1320,0,1943,0,98168,47.4949,-122.3,215000
4099500935,23-07-14,NA,1.75,2180,1,0,2,4,7,1140,1040,1946,0,98040,47.5885,-122.248,705000
1373800295,13-10-14,3,3,4380,NA,0,3,5,10,3580,800,1952,0,98199,47.6452,-122.411,1450000
4025300135,08-05-15,3,1.75,1790,2,0,0,3,7,1790,0,1949,0,98155,47.749,-122.305,451000
3294700310,02-09-14,2,1,750,1,0,0,4,6,750,0,1943,0,98055,47.4727,-122.198,261000
8718500075,17-11-14,3,1.5,1300,NA,0,0,5,7,1300,0,1956,0,98028,47.7403,-122.256,396000
4309710240,22-07-14,4,2.5,2990,2,0,3,3,9,2990,0,1999,0,98059,47.5146,-122.117,725000
5486800070,20-06-14,7,3.5,4640,2,0,1,3,11,2860,1780,1965,2003,98040,47.5666,-122.231,1950000
236400320,15-07-14,4,1,1400,1.5,0,0,3,7,1400,0,1959,0,98188,47.4339,-122.291,238000
4376700570,27-04-15,6,1.75,2750,2,0,0,4,8,2750,0,1973,0,98052,47.6368,-122.097,750000
8648100200,27-10-14,4,2.5,2050,2,0,0,3,7,2050,0,1998,0,98042,47.3628,-122.075,331500
3624079046,28-10-14,4,3,2230,1,0,0,3,7,1410,820,1978,0,98065,47.52,-121.845,460000
1921069084,07-07-14,4,2.25,2340,1,0,0,4,8,2340,0,1982,0,98092,47.2953,-122.083,404950
6431500140,17-12-14,3,2.5,2870,2,0,0,3,9,2870,0,2014,0,98103,47.6935,-122.352,880000
2725069050,13-06-14,4,2.5,4120,2,0,0,3,10,4120,0,1997,0,98074,47.6239,-122.023,863000
5307100060,16-12-14,3,1.75,2080,1,0,0,3,7,1370,710,1960,0,98005,47.5846,-122.168,638700
7203102050,28-07-14,3,2.5,1840,2,0,0,3,7,1840,0,2008,0,98053,47.6969,-122.026,435000
561000075,31-12-14,3,1,1180,1.5,0,0,4,6,1180,0,1959,0,98178,47.505,-122.259,260000
2436701180,14-08-14,5,2.75,2160,1.5,0,0,5,7,1530,630,1927,0,98105,47.667,-122.289,671500
809002765,22-10-14,3,1,1180,1.5,0,0,3,8,1180,0,1907,0,98109,47.6376,-122.353,610000
4045500710,18-12-14,2,0.75,1160,1,0,0,4,6,870,290,1937,0,98014,47.6929,-121.87,405000
5104510270,18-07-14,4,2.5,1830,2,0,0,3,7,1830,0,2003,0,98038,47.3572,-122.015,338900
98020350,23-01-15,4,4,3200,2,0,0,3,10,3200,0,2004,0,98075,47.5816,-121.97,720000
1714900060,24-04-15,5,3,2560,1.5,0,0,4,7,1760,800,1927,0,98108,47.5502,-122.311,442000
1189000030,03-06-14,5,2.75,2550,1.5,0,0,5,8,2550,0,1902,0,98122,47.6136,-122.299,650000
2473360060,02-01-15,3,1.75,1330,1,0,0,3,7,1040,290,1981,0,98058,47.4478,-122.161,263500
222069082,17-12-14,2,1,1220,1,0,0,4,7,1220,0,1963,0,98038,47.4219,-122.007,300000
8669160310,09-12-14,3,2.5,1805,2,0,0,3,7,1805,0,2009,0,98002,47.3521,-122.212,266000
1526069135,11-12-14,4,4,6050,2.5,0,2,3,9,4150,1900,2009,0,98077,47.7466,-122.029,930000
1088650310,27-01-15,4,2.5,2320,2,0,0,3,8,2320,0,2004,0,98028,47.7727,-122.229,530000
8945200860,11-12-14,3,1,1384,1,0,0,4,6,1384,0,1965,0,98023,47.3062,-122.371,180000
7853240200,16-05-14,3,2.5,2720,2,0,0,3,9,2720,0,2005,0,98065,47.5422,-121.86,619000
7511800070,21-08-14,3,1.5,1820,1,0,0,4,7,1820,0,1962,0,98003,47.3366,-122.306,264000
2998800125,01-07-14,2,2.25,2130,1.5,0,4,4,7,1530,600,1941,0,98116,47.573,-122.409,730000
3876300310,22-10-14,4,2.25,2060,2,0,0,3,7,2060,0,1975,0,98034,47.7258,-122.177,439000
5419800510,17-11-14,4,1.75,1420,1,0,0,4,7,1080,340,1981,0,98031,47.4025,-122.176,268500
192460060,15-07-14,3,1.75,1510,1,0,0,3,7,1510,0,1985,0,98045,47.476,-121.755,330000
7942601895,19-08-14,3,2.5,2160,1.5,0,0,3,8,NA,200,1903,2013,98122,47.6045,-122.307,640000
7504010570,08-07-14,3,2.5,3180,2,0,0,4,11,3180,0,1978,0,98074,47.6366,-122.058,900000
1442740140,30-09-14,3,2.25,2110,2,0,0,4,8,2110,0,1985,0,98038,47.3725,-122.06,370000
6909200575,14-03-15,3,2,2060,NA,0,0,5,8,1330,730,1931,0,98144,47.5897,-122.292,685000
2525069041,04-09-14,3,1.5,1830,1,0,0,3,7,1010,820,1981,0,98053,47.6277,-121.972,505000
3620069036,21-10-14,3,1.75,1820,1,0,0,4,7,1820,0,1966,0,98022,47.1803,-121.974,265000
2781280390,24-03-15,3,2.5,1610,2,0,0,3,8,1610,0,2006,0,98055,47.4489,-122.188,290000
9542830350,02-09-14,4,2.5,1780,2,0,0,3,7,1780,0,2006,0,98038,47.3665,-122.017,296000
1123049053,13-02-15,4,2.5,1840,2,0,0,3,7,1840,0,1996,0,98178,47.4964,-122.251,360000
8018600765,04-06-14,3,1.75,1460,1,0,0,3,7,NA,470,1997,0,98168,47.492,-122.317,240500
3278600240,22-07-14,2,2.5,1400,2,0,0,3,8,1400,0,2007,0,98126,47.5496,-122.373,372500
7846200070,02-10-14,3,2.5,3370,2,0,2,3,9,3370,0,2004,0,98045,47.5008,-121.776,595000
662310400,17-10-14,4,3,3590,2,0,0,3,9,3590,0,1997,0,98023,47.2846,-122.341,515000
8651100140,05-08-14,4,2.25,3200,2,NA,0,4,9,3200,0,1962,0,98040,47.5494,-122.216,1220000
8682250350,09-10-14,2,1.75,NA,1,0,0,3,8,1670,0,2004,0,98053,47.7123,-122.027,507000
3211230260,04-02-15,4,2,2420,1,0,0,3,9,2420,0,1984,0,98092,47.3131,-122.115,399950
4233400340,20-08-14,3,1.75,1430,2,0,0,3,7,1430,0,1994,0,98010,47.3122,-121.996,185000
7199350340,25-08-14,3,1.75,1440,1,0,0,3,7,1440,0,1980,0,98052,47.6947,-122.125,460000
3904901710,24-02-15,3,2.25,1450,2,0,0,3,7,1450,0,1985,0,98029,47.5665,-122.018,435500
240000058,08-04-15,4,2.75,3550,1,0,0,5,8,2100,1450,1966,0,98188,47.425,-122.283,469000
6865200444,05-05-14,2,3,1270,2,0,0,3,8,1110,160,2000,0,98103,47.6634,-122.34,531000
9498200046,06-02-15,2,1,940,1,0,0,3,7,940,0,1949,0,98177,47.7047,-122.373,443500
1796380960,26-11-14,3,2,1670,1,0,0,3,7,1300,370,1990,0,98042,47.3666,-122.084,223000
5631500868,17-04-15,4,3.5,3100,2,0,0,3,8,2400,700,1996,0,98028,47.7466,-122.242,590000
3126049411,09-12-14,2,2.5,1100,3,0,0,3,7,1100,0,1997,0,98103,47.6972,-122.35,340000
2321300390,05-11-14,3,2,1870,1,0,0,4,8,1230,640,1925,0,98199,47.6372,-122.395,650000
3905040800,25-09-14,3,2.5,1930,2,0,0,4,8,1930,0,1990,0,98029,47.5694,-122.001,533600
4379400260,10-06-14,3,2.75,2540,2,0,0,3,9,2540,0,2005,0,98074,47.6214,-122.024,695000
5115000160,17-06-14,3,1.75,1280,1.5,0,0,4,7,1280,0,1988,0,98031,47.3961,-122.188,242000
2826049234,14-01-15,3,2.25,1820,1,0,0,3,7,1280,540,1967,0,98125,47.7162,-122.309,425000
6600700030,06-05-15,3,2.25,1490,2,0,0,3,7,1490,0,1981,0,98052,47.6844,-122.113,525000
3904930240,22-09-14,3,2.5,1880,2,0,0,3,8,1880,0,1988,0,98029,47.5737,-122.018,485000
9407110700,13-01-15,3,1,1250,1,0,0,3,7,1250,0,1971,0,98045,47.4474,-121.771,175000
1682500160,19-06-14,3,2,1440,1,0,0,3,8,1440,0,1983,0,98092,47.3128,-122.184,210000
8078570390,15-04-15,3,2.5,1920,2,0,0,3,7,1920,0,1989,0,98031,47.4022,-122.171,260000
3010300240,23-06-14,3,2.5,2060,1,0,0,3,7,1330,730,1976,0,98116,47.5671,-122.391,577000
9500900135,21-10-14,3,1.5,1210,1,0,0,4,7,1210,0,1958,0,98002,47.2876,-122.212,200000
461001615,25-02-15,2,1.75,1760,1,0,0,4,7,940,820,1927,0,98117,47.682,-122.372,605000
6411600069,21-05-14,3,1,990,1,0,0,4,6,990,0,1947,0,98133,47.7125,-122.331,325000
7812800565,14-08-14,3,1,960,1,0,0,4,6,820,140,1944,0,98178,47.496,-122.239,289500
7548300731,08-08-14,3,2.5,1660,3,0,0,3,NA,1660,0,NA,NA,98144,47.5876,-122.309,559950
8925100390,06-04-15,3,1.75,1900,1,0,1,4,8,1330,570,1941,0,98115,47.6821,-122.273,1042500
7010700292,09-10-14,3,2.25,1270,1,0,0,3,7,990,280,1970,0,98199,47.6581,-122.396,543500
9485951170,22-05-14,4,2.25,3250,2,0,0,4,9,3250,0,1983,0,98042,47.3496,-122.094,480000
5437820310,23-05-14,3,1,NA,1,0,0,5,6,960,NA,1982,0,98022,47.1951,-122.001,218000
582000135,22-06-14,2,1.75,1330,1,0,0,4,7,960,370,1914,1945,98199,47.6539,-122.396,565000
3204800370,12-12-14,3,1.75,2080,1,0,0,5,7,1600,480,1968,0,98056,47.5375,-122.178,426700
8832900550,12-09-14,3,2.5,2690,1,0,3,3,8,2130,560,1957,0,98028,47.7605,-122.267,650000
9550204515,24-09-14,2,1,890,1,0,0,3,7,770,120,1910,0,98105,47.6663,-122.326,542000
7199330390,24-06-14,3,1.75,NA,1,0,0,3,7,1070,0,1977,0,98052,47.6978,-122.13,415000
6131600060,15-08-14,3,1,1200,1,0,0,4,6,1200,0,1953,0,98002,47.3221,-122.215,214000
5379805460,21-01-15,3,1.5,1360,2,0,0,5,7,1360,0,1949,0,98188,47.4488,-122.275,245000
7212652180,01-07-14,3,2,2050,1,0,0,3,8,2050,0,1993,0,98003,47.2681,-122.31,314500
6379500640,09-04-15,3,1.5,3000,2,NA,0,5,9,2000,1000,1924,0,98116,47.5821,-122.39,1120000
4315700060,03-03-15,2,2,1300,1,0,0,3,7,800,500,1963,0,98136,47.5395,-122.39,378000
3329500060,28-07-14,4,2.5,2250,1,0,0,3,7,1340,910,1982,0,98001,47.336,-122.269,305000
4140090320,20-03-15,5,2.75,3740,1,0,0,4,8,NA,1760,1978,0,98028,47.7679,-122.261,595000
9385200045,12-05-15,3,2.5,1660,3,0,1,3,9,1530,130,2015,0,98116,47.5818,-122.402,729500
7852180340,30-09-14,3,2.5,2360,2,0,0,3,7,2360,0,2003,0,98065,47.5317,-121.853,430000
1545804340,09-04-15,3,1.75,1760,1,0,0,3,7,1150,610,1987,0,98038,47.3647,-122.05,240000
2490200320,20-03-15,3,1.75,1680,1.5,0,0,3,7,1680,0,1916,0,98136,47.5338,-122.384,545000
2218000335,07-07-14,3,1.75,1320,1,0,0,3,7,870,450,1918,0,98105,47.6681,-122.305,530000
922049078,18-11-14,1,1,870,1,0,0,3,6,870,0,1939,0,98198,47.4152,-122.3,157000
2586800270,07-04-15,4,1,1260,1.5,0,0,3,6,1260,0,1925,0,98146,47.5044,-122.35,425000
4338800370,17-11-14,3,1,1000,1,0,0,3,6,1000,0,1944,0,98166,47.4793,-122.346,220000
7214700350,24-11-14,4,1.75,2020,1,0,0,4,8,1550,470,1976,0,98077,47.7627,-122.076,521000
3226200105,23-05-14,3,1,1920,1,0,2,3,7,1120,800,1952,0,98118,47.5193,-122.274,325000
2324039036,03-04-15,3,2,2150,1.5,0,0,4,7,1380,770,1911,0,98126,47.555,-122.379,597500
7849202231,23-07-14,3,2.5,1470,2,0,0,3,7,1470,0,1999,0,98065,47.526,-121.826,337000
5196410260,22-04-15,3,2.5,3180,2,0,2,3,10,3180,0,1991,0,98052,47.655,-122.124,1000000
3760500116,20-11-14,3,2.5,3930,1,1,4,4,8,2330,1600,1957,0,98034,47.7022,-122.224,3070000
2985800030,07-05-14,3,1,990,1,0,0,3,6,990,0,1943,0,98105,47.6718,-122.267,495000
259900160,02-01-15,4,3.5,2770,2,0,0,3,8,1970,800,2001,0,98052,47.6327,-122.109,748000
708000030,02-09-14,3,1.5,1250,1,0,0,4,7,1250,0,1953,0,98004,47.6245,-122.198,888000
192460310,24-03-15,3,1.75,1140,1,0,0,3,7,1140,0,1986,0,98045,47.4761,-121.758,269900
9412200260,13-11-14,4,2.5,2250,1,0,0,3,7,1550,700,1967,0,98027,47.5221,-122.045,496500
1062100116,21-01-15,3,2.5,1640,2,0,0,3,7,1640,0,1969,0,98155,47.7522,-122.278,475000
6798100662,27-05-14,3,1.5,1255,3,0,0,3,7,1255,0,2004,0,98125,47.7145,-122.311,312000
1775920350,24-11-14,3,1,1290,1,0,0,3,7,1290,0,1976,0,98072,47.7404,-122.11,323000
2525500260,24-11-14,3,1.75,1300,1,0,0,3,7,1300,0,1986,0,98059,47.4834,-122.159,331000
6145600041,14-05-14,3,1.5,1220,3,0,0,3,8,1220,0,2007,0,98133,47.7049,-122.353,306000
3300701615,30-09-14,4,2.5,2630,3,0,0,3,8,2630,0,2002,0,98117,47.6915,-122.381,655000
5151600340,09-07-14,3,1.5,1950,1,0,0,4,8,1950,0,1959,0,98003,47.336,-122.319,290000
7613700521,02-08-14,4,3.25,3160,2,0,0,5,9,2360,800,1965,0,98105,47.6597,-122.274,1250000
2710600045,16-06-14,3,1.75,1550,1,0,0,4,7,860,690,1949,0,98115,47.6759,-122.286,460000
5101405124,12-09-14,4,2.5,1700,1,0,0,4,7,850,850,1940,0,98115,47.6988,-122.319,435000
6067910030,16-03-15,4,2.75,2510,1,0,0,5,8,1630,880,1978,0,98006,47.5427,-122.181,664000
1959701890,29-07-14,4,1.75,1800,2,0,3,4,8,1800,0,1921,0,98102,47.6462,-122.318,865000
1402200340,13-08-14,3,1.75,1800,1,0,0,3,8,1200,600,1968,0,98058,47.4406,-122.146,385000
3558900070,18-07-14,3,2.25,1870,1,0,0,3,7,1350,520,1975,0,98034,47.705,-122.202,497000
7846700310,23-06-14,2,1,1010,1,0,0,4,7,1010,0,1925,0,98045,47.4965,-121.785,280000
3348401740,27-01-15,2,1.5,1120,1,0,0,3,6,1120,0,1924,0,98178,47.5024,-122.271,188000
3013300288,30-09-14,3,1,2090,1,0,2,3,8,1200,890,1969,0,98136,47.5304,-122.387,478500
7852070060,31-07-14,4,3.5,4370,2,0,0,3,11,4370,0,2001,0,98065,47.544,-121.872,1145000
5029450160,15-08-14,3,2,1440,1,0,0,4,7,970,470,1981,0,98023,47.291,-122.368,222000
3526069070,28-05-14,4,3,2580,2,0,0,3,8,2580,0,1984,0,98053,47.6932,-122.006,799000
5104540240,09-06-14,4,2.5,3190,2,0,0,3,10,3190,0,2006,0,98038,47.3558,-122.004,609900
3438500486,16-10-14,4,3.5,2380,2,0,0,4,7,1750,630,1995,0,98106,47.5536,-122.359,413000
5102400105,13-10-14,4,1,1420,1.5,0,0,3,7,1420,0,1930,0,98115,47.6942,-122.321,400000
2346200030,05-01-15,5,2.75,2990,2,0,0,3,9,2990,0,2014,0,98006,47.5462,-122.182,802541
1321710030,19-05-14,3,2.5,2680,2,0,0,3,8,2680,0,1990,0,98023,47.2918,-122.346,320000
7853290030,11-03-15,4,2.5,2730,2,0,0,3,7,2730,0,2006,0,98065,47.5441,-121.882,507000
1566100400,24-09-14,3,1,1220,1,0,0,3,6,1220,0,1946,0,98115,47.6982,-122.298,387500
1775800800,24-02-15,3,1,1500,1,0,0,3,7,1500,0,1967,0,98072,47.7415,-122.101,396000
9133600075,21-08-14,3,1.75,1830,1,0,1,3,8,1430,400,1958,0,98055,47.4862,-122.224,373000
5450900060,23-09-14,5,2.5,4570,2,0,0,5,10,4570,0,1965,0,98040,47.5553,-122.22,1484900
1402600700,21-07-14,4,2.25,2470,2,0,0,3,8,2470,0,1983,0,98058,47.4406,-122.141,359900
8024200350,04-03-15,2,1,800,1,0,0,3,6,670,130,1927,0,98115,47.6997,-122.316,410000
3121500340,12-07-14,4,2.5,2900,2,0,0,3,9,2900,0,1992,0,98053,47.6726,-122.03,690000
7697870860,25-06-14,3,2,1410,1,0,0,3,7,1410,0,1985,0,98030,47.3702,-122.185,245000
7527200030,29-12-14,5,2.5,2830,1,0,1,5,8,1610,1220,1979,0,98075,47.5896,-122.083,700000
2013200390,22-09-14,4,1.75,1680,1,0,0,3,7,1100,580,1977,0,98198,47.3923,-122.311,268000
766500030,10-06-14,3,1.75,1760,1,0,0,3,7,920,840,NA,0,98042,47.3664,-122.1,225000
6664000030,09-10-14,4,2.25,2240,2,0,0,3,8,2240,0,1976,0,98004,47.5894,-122.195,980000
9349900105,07-04-15,2,1,1380,1.5,0,2,3,5,1380,0,1905,0,98106,47.5708,-122.359,795000
1895000045,04-05-15,2,1,820,NA,0,NA,3,6,820,0,1953,0,98118,47.5156,-122.262,195000
6205500030,03-11-14,4,2,2180,1,0,0,2,6,1730,450,1950,0,98005,47.589,-122.177,480000
7011200260,19-12-14,4,2,1400,1,0,0,3,7,1100,300,1900,0,98119,47.6385,-122.37,485000
41000454,15-08-14,2,1,880,1,0,0,3,5,880,0,1928,0,98188,47.4672,-122.291,130000
7203600550,04-08-14,2,1,1060,1,0,2,4,6,1060,0,1946,0,98198,47.3444,-122.327,325000
9477200560,13-04-15,3,1.75,1530,1,0,0,4,7,1530,0,1984,0,98034,47.731,-122.191,440000
4022907770,14-10-14,4,1.75,2480,1,0,3,3,8,1460,1020,1958,0,98155,47.7646,-122.271,550000
5231000060,05-08-14,3,1.75,1490,1,0,0,5,6,1490,0,1967,0,98059,47.5015,-122.124,310000
6055000310,01-07-14,3,2.5,3660,2,0,2,4,9,3260,400,1989,0,98022,47.2413,-121.972,530000
3216900060,25-06-14,4,2.5,2340,2,0,0,3,8,2340,0,1993,0,98031,47.4206,-122.183,390000
7967200060,08-09-14,3,1.75,1450,1,0,0,4,7,1450,0,1981,0,98001,47.3575,-122.28,243000
8077210350,22-07-14,4,2.5,2210,2,0,0,3,9,2210,0,1990,0,98074,47.6285,-122.025,639000
7203000640,18-09-14,4,1,1130,1,0,0,4,7,1130,0,1969,0,98003,47.3437,-122.316,215000
2988000070,04-03-15,5,1.75,1550,1,0,0,3,7,1100,450,1961,0,98011,47.7573,-122.22,405000
3832200070,22-12-14,4,1.75,1710,1,0,0,5,7,1010,700,1968,0,98032,47.3745,-122.275,250000
3670500710,15-07-14,3,1.5,1010,1,0,0,5,7,1010,0,1954,0,98155,47.7359,-122.309,405500
8820903380,28-07-14,6,2.25,2660,2,0,0,3,7,2660,0,1937,1990,98125,47.7142,-122.286,452000
8820903380,02-01-15,6,2.25,2660,2,0,0,3,7,2660,0,1937,1990,98125,47.7142,-122.286,730000
4233400400,14-04-15,3,2,1300,1,0,0,3,7,1300,0,1994,0,98010,47.3131,-121.998,267000
3793500550,08-08-14,3,2.5,1670,2,0,0,3,7,1670,0,2002,0,98038,47.3668,-122.031,289950
6431000270,28-07-14,2,1,960,1,0,0,5,7,960,0,1911,0,98103,47.6893,-122.349,565000
2225059214,08-08-14,4,3.25,4670,2,0,0,4,12,4670,0,1988,0,98005,47.635,-122.164,1578000
7694800270,20-04-15,3,2.5,2140,2,0,0,3,8,1770,370,2007,0,98052,47.6664,-122.131,636000
2171400197,18-09-14,5,3,2520,1,0,0,3,8,1550,970,2004,0,98178,47.4938,-122.255,350000
2473400340,04-06-14,3,1.5,1650,1,0,0,5,7,1130,520,1978,0,98058,47.4525,-122.162,320000
3530490070,13-06-14,2,1.75,1440,1,0,0,4,8,1440,0,1978,0,98198,47.3825,-122.319,210000
1932300075,10-09-14,2,1,1050,1,0,0,3,7,1050,0,1950,0,98126,47.5326,-122.376,245000
2525000510,06-11-14,3,1.75,1470,1,0,0,3,7,1130,340,1983,0,98059,47.4818,-122.161,328000
1853000510,09-05-14,4,2.25,4230,2,0,0,3,11,4230,0,1989,0,98077,47.7287,-122.077,985000
1742800060,12-06-14,3,1.75,1970,1,0,3,5,8,1370,600,1976,0,98055,47.4908,-122.225,501000
2723089104,17-09-14,3,2.25,1540,2,0,0,3,7,1540,0,1992,0,98045,47.4429,-121.759,315000
2619950350,08-05-14,3,NA,2090,2,0,0,3,8,2090,0,2012,0,98019,47.7336,-121.965,403000
4021100045,15-07-14,3,2,2380,2,0,0,4,8,2110,270,1934,0,98155,47.7591,-122.28,550000
731500200,13-01-15,4,2.5,2156,2,0,0,3,9,2156,0,2012,0,98030,47.3591,-122.201,347500
2591820310,06-10-14,4,2.25,2070,2,0,0,4,8,2070,0,1986,0,98058,47.4388,-122.162,365000
3626039299,24-02-15,3,1,1910,1,NA,0,4,8,1270,640,1951,0,98117,47.7004,-122.368,588000
9346980140,20-08-14,3,1.75,1920,1,0,0,4,8,1260,660,1977,0,98006,47.5633,-122.131,605000
6613000140,13-11-14,3,3.25,3400,2,0,0,4,9,2290,1110,1937,0,98105,47.6585,-122.273,1300000
8159610060,19-11-14,3,2,1400,1,0,0,3,7,NA,0,1974,0,98001,47.3415,-122.272,233000
7830800339,28-07-14,4,2.5,2210,2,0,0,3,8,2210,0,1997,NA,98030,47.3818,-122.2,360000
1588600045,15-12-14,2,1.75,1170,1,0,0,3,6,1020,150,1929,0,98117,47.695,-122.366,459000
826069046,07-11-14,3,2,2100,1,0,0,4,9,2100,0,1995,0,98077,47.7479,-122.062,740000
1771000890,17-09-14,3,1,1160,1,0,0,3,7,1160,0,1967,0,98077,47.7422,-122.073,305000
3300701170,20-06-14,3,1,1500,1,0,0,3,6,900,600,1925,0,98117,47.6921,-122.38,395000
7340500270,23-01-15,4,2.5,2940,2,0,0,3,8,2940,0,2000,0,98011,47.7533,-122.198,560000
9277200111,14-07-14,4,1.75,2010,1,0,1,4,7,1300,710,1963,0,98116,47.5793,-122.402,650000
293720140,05-06-14,3,2.5,2170,2,0,0,3,7,2170,0,2003,0,98028,47.7767,-122.239,449950
579003610,24-02-15,3,1.5,1430,1,0,3,4,7,1250,180,1940,0,98117,47.6988,-122.387,517500
1138020200,03-09-14,4,1.5,1510,1,0,0,3,7,1070,440,1970,0,98034,47.7121,-122.214,435000
3432500200,09-04-15,3,1,1150,1,0,0,3,6,800,350,1952,0,98155,47.7447,-122.313,329999
1563102435,10-12-14,3,1.75,2150,1,0,4,5,8,1140,1010,1960,0,98116,47.5671,-122.405,950000
3959400710,30-07-14,3,1,1370,1,0,0,5,7,1230,140,1944,0,98108,NA,-122.317,447000
8682300890,28-08-14,2,2.5,2380,1,0,0,3,8,2380,0,2010,0,98053,47.717,-122.02,699800
4385700765,03-06-14,3,1.75,1370,1,0,0,5,7,770,600,1911,1988,98112,47.6374,-122.279,850000
5149300200,02-09-14,3,1.75,1600,1,0,0,3,7,1070,530,1979,0,98023,47.3272,-122.355,316500
9323600060,15-07-14,5,3.5,3750,1,0,2,4,9,2030,1720,1981,0,98006,47.5511,-122.157,942500
9273200140,21-01-15,2,2.25,3950,2,0,4,3,10,2910,1040,1991,0,98116,47.5912,-122.384,1310000
9542300320,02-02-15,4,2.25,2400,1,0,0,4,9,2400,0,1964,0,98005,47.5987,-122.178,856600
770000045,24-10-14,5,1.5,2830,2.5,0,0,4,8,2830,0,1918,0,98118,47.5132,-122.262,405600
6979900390,29-05-14,4,2.5,2440,2,0,0,3,8,2440,0,1996,0,98053,47.6333,-121.97,565000
6379500159,11-09-14,3,2.25,1190,2,0,0,3,8,1050,140,2008,0,98116,47.5818,-122.387,400000
826079094,24-03-15,3,2,1400,1,0,0,3,7,1400,0,1997,0,98019,47.7576,-121.934,330000
8856940060,27-02-15,4,2.75,2730,2,0,0,3,7,2730,0,2005,0,98038,47.3608,-122.043,374950
2972300060,17-12-14,3,2.75,2390,1,0,0,5,7,1610,780,1983,0,98056,47.4987,-122.166,405300
3575200070,04-11-14,3,2.25,2060,2,0,0,3,8,2060,0,1984,0,98074,47.6216,-122.056,560000
8146100270,24-03-15,4,2.25,2490,1,0,0,4,8,1290,1200,1961,0,98004,47.6051,-122.195,824000
8648200030,16-07-14,3,1.75,1100,1,0,0,5,7,1100,0,1984,0,98042,47.363,-122.08,260000
208500160,07-01-15,4,2.5,2430,1,0,0,5,8,1470,960,1965,0,98115,47.6777,-122.287,760000
1196003428,24-06-14,3,2.5,3170,2,0,0,3,10,2360,810,1995,0,98023,47.3384,-122.336,405000
5104450990,19-06-14,4,2.5,2640,2,0,0,3,8,2640,0,1987,0,98058,47.4598,-122.15,429900
3343901234,13-11-14,3,1.5,1130,1,0,0,4,7,1130,0,1961,0,98056,47.5089,-122.189,341500
226039214,12-06-14,5,2,1940,1.5,0,0,3,7,1940,0,1957,0,98177,47.7751,-122.38,465250
1623300160,06-05-14,2,2,1100,1.5,0,0,3,7,1100,0,1912,2005,98117,47.6797,-122.362,450000
2205500575,09-02-15,3,1,1200,1,0,0,4,7,1200,0,1955,0,98006,47.5771,-122.144,390000
4040800810,02-05-14,3,2.25,2000,1,0,0,4,8,1000,1000,1963,0,98008,47.6188,-122.114,420000
2612000390,15-06-14,3,2.5,1890,2,0,0,3,8,1730,160,2002,0,98168,47.4802,-122.279,269950
3814400125,16-10-14,4,2,1910,1,0,0,3,7,1060,850,1910,0,98122,47.6101,-122.295,493000
7300400060,15-05-14,4,2.5,2710,2,0,0,3,9,2710,0,1998,0,98092,47.3314,-122.172,370000
1954700695,12-06-14,5,4.25,4860,1.5,0,1,5,10,3100,1760,1905,0,98112,47.6196,-122.286,2250000
7230200340,25-02-15,3,1,1250,1,0,0,5,7,1250,0,1967,0,98059,47.475,-122.11,305000
3191000240,12-06-14,3,1.75,1590,1.5,0,0,5,6,970,620,1938,0,98034,47.7146,-122.217,400000
1139000069,18-11-14,3,1.5,1240,2,0,0,3,8,1050,190,2009,0,98133,47.7073,-122.356,320000
5693500270,21-01-15,4,1,2000,2,0,0,4,7,2000,0,1911,0,98103,47.6583,-122.351,715000
686500030,02-12-14,6,2.75,3610,1.5,0,0,4,8,3610,0,1966,0,98008,47.6261,-122.125,650000
8731901940,04-03-15,5,1.75,1930,1,0,0,4,8,1930,0,1966,0,98023,47.3109,-122.376,218000
2688100071,15-04-15,2,1,1280,1,0,0,3,7,1280,0,1964,0,98117,47.6949,-122.371,500000
2423069155,20-11-14,4,2,2090,1,0,0,4,7,2090,0,1984,0,98027,47.4691,-121.993,460000
2329500260,09-07-14,3,1.5,1940,1,0,0,4,7,1140,800,1969,0,98003,47.3289,-122.327,232500
2608300030,16-05-14,3,2.5,1800,2,0,0,4,7,1800,NA,1990,0,98106,47.5293,-122.363,408200
1494300060,11-06-14,3,1.75,1730,1,0,0,4,7,1400,330,1980,0,98052,47.6792,-122.115,522000
7504101230,23-06-14,4,2.5,2810,2,0,0,3,9,2810,0,1982,0,98074,47.6337,-122.044,675000
8081020370,09-07-14,4,3.5,3550,1,0,2,3,11,2260,1290,1999,0,98006,47.5506,-122.134,1355000
1446800511,09-10-14,4,1,1330,1.5,0,0,3,6,1330,0,1952,0,98168,47.492,-122.333,249950
1623049062,04-03-15,2,1,750,1,NA,0,3,6,750,0,1950,0,98168,47.4781,-122.294,210000
6145601000,11-07-14,4,1,NA,1,0,0,3,7,1090,670,1947,0,98133,47.7041,-122.355,429950
205000520,06-10-14,4,2.5,3200,2,0,0,3,9,3200,0,1993,0,98053,47.6304,-121.994,737500
3885805935,26-09-14,4,2,1740,1,0,0,5,8,1740,0,1958,0,98033,47.6815,-122.198,710000
7852020640,20-10-14,3,2.5,2100,2,0,0,3,8,2100,0,1999,0,98065,47.5341,-121.867,470000
6838800140,24-02-15,4,3.5,4270,1,0,0,4,12,4270,0,1993,0,98077,47.7354,-122.078,1100000
4083305445,15-08-14,3,2,1340,1.5,0,0,3,7,1340,0,1913,0,98103,47.6518,-122.335,650000
7855801610,19-05-14,4,2.5,3190,1,0,3,5,9,1680,1510,1967,0,98006,47.5619,-122.162,1216000
7940700260,15-01-15,3,2.5,1630,2,0,0,3,8,1630,0,1987,0,98034,47.7148,-122.205,422120
8854100350,07-01-15,5,2.5,2990,2,0,0,3,9,2990,0,2007,0,98011,47.746,-122.218,625000
4365200860,06-06-14,4,1,1550,1.5,0,0,3,6,1550,0,1954,0,98126,47.5222,-122.375,385200
3904980030,14-04-15,3,2.25,1690,2,0,0,3,8,1690,0,1989,0,98029,47.5756,-122.01,500000
7843500070,18-11-14,4,2.25,1960,2,0,0,3,8,1960,0,1989,0,98042,47.3405,-122.058,308000
6067900060,05-06-14,3,2.75,2390,1,0,0,5,8,1360,1030,1977,0,98006,47.5433,-122.185,565000
7202340960,08-09-14,3,2.5,2600,2,0,0,3,7,2600,0,2004,0,98053,47.6799,-122.034,581000
1786640070,06-08-14,3,2,1950,1,0,0,3,8,1950,0,1999,0,98042,47.39,-122.153,361000
259600260,22-01-15,3,1,1250,1,0,0,4,7,1250,0,1964,0,98008,47.6329,-122.121,345000
7234600903,16-10-14,2,2.25,1180,2,0,0,3,8,840,340,2008,0,98122,47.6124,-122.309,419000
4307350200,12-05-15,3,2.5,1680,2,0,0,3,7,1680,0,2004,0,98056,47.4802,-122.179,347000
3276930400,22-10-14,4,2.25,2220,2,0,0,3,9,2220,0,1989,0,98075,47.5839,-121.991,625000
4045100075,25-03-15,4,4.25,4890,2,0,2,3,11,3090,1800,1999,0,98040,47.5602,-122.227,2400000
1421069208,23-12-14,3,3.25,2660,2.5,0,0,3,8,2660,0,2014,0,98010,47.3077,-122.011,379000
4057300200,22-12-14,3,1.5,1150,2,0,0,3,7,1150,0,1988,0,98029,47.5707,-122.017,310000
1922059135,13-05-15,2,2,1130,1,0,0,4,6,1130,0,1941,0,98030,47.3839,-122.225,250000
5014600240,14-08-14,5,2.75,2760,2,0,0,3,9,2760,0,2005,0,98059,47.539,-122.188,682000
1565900070,21-07-14,3,2,1430,1,0,0,3,7,1430,0,1992,0,98022,47.2118,-121.983,246500
3121059033,29-10-14,3,1,1490,1.5,0,0,4,5,1490,0,1932,0,98092,47.2597,-122.228,325000
6799300270,06-08-14,4,2.5,2030,2,0,0,3,8,2030,0,2004,0,98031,47.393,-122.184,310950
2021200370,01-09-14,3,2,3010,2,0,2,5,9,1890,1120,1931,0,98199,47.6347,-122.396,1100000
726049190,02-10-14,3,1,1810,1,0,0,4,7,1130,680,1954,0,98133,47.7493,-122.351,287500
726049190,18-02-15,3,1,1810,1,0,0,4,7,1130,680,1954,0,98133,47.7493,-122.351,431000
4006000251,22-08-14,3,1,970,1,0,0,3,6,970,0,1968,0,98118,47.5282,-122.279,226000
3362400640,12-05-15,3,1.75,2010,1.5,0,0,5,7,1510,500,1926,0,98103,47.682,-122.348,825000
1610000016,11-09-14,4,1,NA,1.5,0,0,3,6,1300,0,1947,0,98168,47.4778,-122.286,175000
7376300060,15-05-14,3,1.5,1260,1,0,0,3,7,1260,0,1959,0,98008,47.6357,-122.123,465750
7300200550,19-03-15,4,2.25,2610,2,0,0,3,8,2610,0,1983,0,98075,47.5771,-122.05,659000
2061100570,10-02-15,3,1.75,1910,1,0,3,3,8,1110,800,1941,0,98115,47.6898,-122.327,595000
8856890200,26-06-14,3,2.25,1780,2,0,0,4,8,1780,0,1987,0,98058,47.4622,-122.127,350000
8731951670,06-06-14,4,2.25,1900,1,0,0,4,8,1900,0,1975,0,98023,47.3102,-122.381,270000
4037200075,11-09-14,6,2.25,2450,1,0,2,NA,7,1340,1110,1957,0,98008,47.6061,-122.117,662500
5066400483,20-11-14,3,1.75,1380,1,0,0,4,5,1380,0,1939,1957,98001,47.294,-122.281,249900
4167300310,17-03-15,3,1.75,1920,1,0,0,4,7,1230,690,NA,0,98023,47.3272,-122.362,324500
8682262400,18-07-14,2,1.75,1350,1,0,0,3,8,1350,0,2004,0,98053,47.7176,-122.033,430000
8682262400,13-05-15,2,1.75,1350,1,0,0,3,8,1350,0,2004,0,98053,47.7176,-122.033,419950
6777800160,28-07-14,4,1.75,2510,1,0,2,4,8,1290,1220,1962,0,98032,47.3748,-122.276,285000
1402950550,07-01-15,4,2.5,2470,2,0,0,3,8,2470,0,2002,0,98092,47.3337,-122.191,332000
2843200070,15-12-14,4,1.75,1660,1,0,0,3,7,960,700,1956,0,98168,47.5033,-122.3,282000
6450303785,18-11-14,3,1,1340,1,0,0,3,7,940,400,1987,0,98133,47.7321,-122.34,320000
9429500045,09-05-14,3,1,1620,1.5,0,0,4,7,1620,0,1911,1977,98006,47.5719,-122.119,428750
1443300140,14-01-15,3,2.25,2300,2,0,0,3,8,2300,0,1977,0,98022,47.2477,-121.937,330000
108000127,09-12-14,4,3.5,2000,3,0,0,3,8,2000,0,2008,0,98177,47.7027,-122.361,456500
1081300200,09-05-14,3,2.25,1640,1,0,0,4,8,1640,0,1972,0,98059,47.4723,-122.121,352000
8818900060,25-11-14,4,2,1530,1.5,0,0,4,7,1530,0,1912,0,98105,47.6645,-122.325,664000
3395050060,22-07-14,3,1.75,4000,1,0,0,3,9,2190,1810,1987,0,98011,47.7738,-122.203,628000
7197350070,04-03-15,3,1.75,1610,1,0,0,3,7,1080,530,1977,0,98052,47.6618,-122.136,512000
9510900270,11-12-14,3,2,2070,1,0,0,4,7,1450,620,1969,0,98023,47.3085,-122.376,254000
3905081070,21-05-14,4,2.5,1900,2,0,0,3,8,1900,0,1994,0,98029,47.5691,-121.996,535800
2322069114,10-10-14,3,1,1050,1,0,0,4,7,1050,0,1960,1981,98038,47.3841,-122.006,287653
5637500070,31-07-14,3,2.5,1520,2,0,0,3,8,1180,340,2006,0,98136,47.5446,-122.385,438000
4164100160,16-07-14,4,1.75,2390,1,0,0,3,7,1750,640,1949,0,98028,47.7557,-122.237,450000
4136890260,27-06-14,5,2.75,2400,2,0,0,3,8,2400,0,1998,0,98092,47.2635,-122.209,327000
3056800160,12-08-14,4,2.5,1790,2,0,0,3,7,1790,0,2005,0,98059,47.4829,-122.128,370500
3654800200,22-10-14,3,2.5,1720,2,0,0,3,7,1720,0,1993,0,98038,47.3898,-122.049,265000
2296500036,10-03-15,4,2.75,2980,1,0,0,4,8,1800,1180,1979,0,98056,47.5152,-122.197,450000
623069068,27-06-14,3,1,1520,1.5,0,3,5,8,1520,0,1988,0,98027,47.5081,-122.093,425000
1865820370,13-11-14,3,1.75,1150,1,0,0,4,7,1150,0,1977,0,98042,47.3729,-122.115,166600
1723049033,20-06-14,1,0.75,380,1,0,0,3,5,380,0,1963,0,98168,47.481,-122.323,245000
2359300030,08-05-15,3,1,910,1,0,0,3,7,910,0,1951,0,98115,47.6742,-122.284,565000
6403310060,11-08-14,3,1.75,1650,1,0,0,3,8,1230,420,1976,0,98033,47.6963,-122.169,539900
1937300270,03-03-15,3,3.5,2480,2,0,0,3,10,2480,0,2010,0,98144,47.5951,-122.307,910000
4137050060,04-11-14,4,2.5,2050,2,0,0,3,8,2050,0,1990,0,98092,47.2658,-122.219,280000
2310000240,13-03-15,3,2.25,1420,2,0,0,4,7,1420,0,1989,0,98038,47.3576,-122.039,275000
3955900830,27-04-15,3,2.5,3460,2,0,0,3,7,3460,0,2001,0,98056,47.4802,-122.188,467000
8665050060,31-07-14,3,2.5,1500,2,0,0,3,8,1500,0,1996,0,98029,47.5682,-122.005,457500
3330500875,26-12-14,2,1,1320,1,0,0,4,7,1320,0,1908,0,98118,47.5517,-122.276,381156
3327020400,23-04-15,5,2.5,2180,1,0,0,4,8,1220,960,1977,0,98092,47.3122,-122.191,289999
1250700060,22-04-15,3,1.75,1830,1,0,0,3,7,1230,600,1919,0,98144,47.5962,-122.288,642450
4039300400,19-09-14,3,2.25,1620,1,0,0,3,7,1220,400,1962,0,98007,47.6071,-122.137,469950
6665800060,05-03-15,3,2,2920,1,0,2,5,8,1460,1460,1975,0,98033,47.6652,-122.188,795000
7504110030,11-02-15,4,2.5,3300,2,0,0,3,10,3300,0,1984,0,98074,47.6323,-122.036,785000
7805450810,30-05-14,3,2.25,3060,2,0,0,3,10,3060,0,1983,0,98006,47.5611,-122.106,860000
6306400140,12-06-14,0,0,3064,3.5,0,2,3,7,3064,0,1990,0,98102,47.6362,-122.322,1095000
8802400416,13-02-15,3,1,1530,1,0,0,3,7,1530,0,1959,0,98031,47.404,-122.203,147500
6204400270,25-11-14,3,2,1910,1,0,0,3,7,1410,500,1978,0,98011,47.7356,-122.198,390000
9536602080,19-12-14,3,1,1020,1,0,0,3,7,1020,0,1954,0,98198,47.3586,-122.314,229000
3826000070,15-05-14,3,1,1150,1,0,0,3,6,1150,0,1932,0,98168,47.494,-122.307,185000
5101405335,26-08-14,3,1.5,1260,1,0,0,3,7,870,390,1941,0,98115,47.7004,-122.305,414900
2349300060,12-02-15,4,2,1920,1,0,0,2,6,920,1000,1914,0,98136,47.5507,-122.381,200000
7749500370,21-10-14,4,2.25,1800,1,0,0,3,8,1800,0,1969,0,98092,47.2959,-122.191,225000
2436701200,12-09-14,3,1.75,2040,2,0,0,5,7,1360,680,1924,0,98105,47.6675,-122.289,720000
7871500070,03-06-14,4,2.5,2200,2,0,0,5,8,1430,770,1908,0,98119,47.6402,-122.37,930000
3323500030,04-06-14,5,2.5,3200,1,0,0,3,7,2160,1040,1952,0,98004,47.6209,-122.222,1270000
2110200036,11-11-14,5,3.25,2400,2,0,0,4,7,1780,620,1928,0,98122,47.6094,-122.291,700000
510002519,15-07-14,2,1.5,1140,3,0,0,3,7,1140,0,2005,0,98103,47.6608,-122.333,466000
1387300070,25-08-14,3,1.5,1330,1,0,0,3,7,1330,0,1976,0,98011,47.7364,-122.193,374000
9465910070,16-07-14,3,2.5,1940,2,0,0,4,8,1940,0,1994,0,98072,47.7438,-122.172,480000
2324800070,10-06-14,3,2.5,3000,2,0,0,3,9,3000,0,1995,0,98053,47.6724,-122.013,740000
1962200435,10-11-14,4,1,1820,1.5,0,0,3,8,1820,0,1923,2014,98102,47.6476,-122.318,1010000
8562890700,30-05-14,4,2.5,2910,2,0,0,3,8,2910,0,2002,0,98042,47.3782,-122.127,395000
3298700946,25-07-14,2,1,1090,1,0,0,3,6,1090,0,1954,0,98106,47.5185,-122.352,340000
880000189,11-08-14,3,2,1230,2,0,0,3,7,1020,210,2003,0,98106,47.526,-122.361,209000
643500030,14-11-14,5,2.5,1710,1.5,0,0,3,7,1710,0,1962,0,98007,47.5922,-122.146,431650
8566100200,08-05-14,5,2.5,3160,1,0,0,4,9,1780,1380,1971,0,98040,47.5368,-122.216,980000
4298100240,05-08-14,3,2.5,2680,2,0,0,3,9,2680,0,1993,0,98077,47.7637,-122.05,660000
3275780030,11-03-15,4,2.25,2190,2,0,0,4,8,1840,350,1977,0,98033,47.6916,-122.188,730000
8648220270,14-04-15,3,1.75,1260,1,0,0,4,7,1260,0,1988,0,98042,47.3592,-122.076,291500
1923000160,20-06-14,4,3.5,2970,2,0,0,3,9,2340,630,1997,0,98040,47.5627,-122.215,905000
7574910860,11-08-14,4,2.5,2570,1.5,0,0,3,10,2570,0,1993,0,98077,47.7418,-122.039,800000
2296500136,09-05-14,4,3.5,3810,1,0,1,3,9,2560,1250,2013,0,98056,47.5134,-122.2,839900
3278600710,14-07-14,1,1.5,1010,2,0,0,3,8,950,60,2007,0,98126,47.5492,-122.372,200000
2460700260,18-02-15,3,2,1480,1,0,0,4,7,1080,400,1979,0,98058,47.4614,-122.168,300000
3188100400,03-06-14,3,1.75,1250,1.5,0,0,5,7,1250,0,1942,0,98115,47.69,-122.304,530000
9406520830,26-03-15,3,2.25,1654,2,0,0,3,7,1654,0,1995,0,98038,47.3627,-122.037,314950
3387900390,07-10-14,3,1.75,1410,1,0,0,5,7,1410,0,1960,0,98031,47.3969,-122.198,255000
1596600024,16-10-14,5,2.75,2160,1,0,0,5,7,1500,660,1950,0,98144,47.5728,-122.304,550000
7625701891,06-08-14,3,1,1400,1,0,0,4,6,700,700,1917,0,98136,47.5499,-122.391,435000
3224800075,24-11-14,3,1.75,1420,1,0,0,4,7,1420,0,1966,0,98002,47.3113,-122.207,234000
7526800200,10-10-14,4,2.25,2500,1,0,0,3,8,1600,900,1975,0,98052,47.639,-122.1,615000
3329530200,10-09-14,3,2,1410,1,0,0,3,7,1410,NA,1985,0,98001,47.3315,-122.263,205000
2115200125,19-09-14,4,1.75,2100,1,0,0,4,7,1050,1050,1955,0,98106,47.5353,-122.349,384000
6623400135,22-05-14,3,2.5,1750,2,0,0,3,8,1750,0,1994,0,98055,47.4315,-122.192,324000
103000116,22-07-14,3,1.75,2070,1,0,0,4,7,1130,940,1946,0,98115,47.6733,-122.301,645000
2768301525,23-10-14,3,3.25,1570,NA,0,0,3,8,1260,310,2007,0,98107,47.6655,-122.369,570000
739980260,10-12-14,3,2.5,1920,2,0,0,3,8,1920,0,1999,0,98031,47.4095,-122.195,324000
4302200695,28-08-14,2,1,1000,1,0,0,3,6,1000,0,1943,0,98106,47.527,-122.356,270000
1431700370,19-05-14,5,1.5,2120,1.5,0,0,5,7,2120,0,1962,0,98058,47.4599,-122.172,290000
7524000030,30-06-14,3,2,1440,1,0,0,3,7,1440,0,1965,0,98198,47.3702,-122.317,250000
4046500320,20-01-15,3,1.75,1660,2,0,0,3,7,1660,0,1990,0,98014,47.6903,-121.915,342000
4325000125,18-03-15,3,1.5,1340,1,0,0,4,7,1340,0,1958,0,98188,47.4405,-122.28,255000
3456000160,23-06-14,3,2.25,2380,1,0,0,4,9,1450,930,1972,0,98040,47.5371,-122.218,800000
9297301580,16-05-14,3,1.75,1560,1.5,0,2,3,7,1000,560,1926,0,98126,47.5666,-122.375,451000
2465400036,03-12-14,4,2.5,2780,1,0,3,3,7,NA,1390,1967,0,98033,47.6597,-122.204,990000
5412200270,20-05-14,4,2.5,1860,1,0,0,4,7,1220,640,1983,0,98031,47.4046,-122.186,288400
1109000390,10-03-15,3,1.5,2390,2,0,0,3,8,1750,640,1920,1995,98118,47.5383,-122.268,420000
8730000270,14-05-15,2,2.75,1370,2,0,0,3,8,1080,290,2009,0,98133,47.7052,-122.343,359000
7937600830,08-08-14,4,3,2570,1,NA,0,3,7,1420,1150,1988,0,98058,47.4417,-122.09,390000
3395070640,02-09-14,3,2.5,1320,2,0,0,3,7,1320,0,2005,0,98118,47.5355,-122.283,300000
8663280160,05-03-15,5,2.5,2520,1,0,0,3,7,1500,1020,1981,0,98034,47.7096,-122.199,545000
6151800624,08-04-15,3,1,NA,1,0,0,4,6,1250,0,1972,0,98010,47.3414,-122.047,288349
8594400370,05-02-15,3,2.25,1560,1,0,0,3,7,1290,270,1985,0,98092,47.3023,-122.069,299900
2301400640,17-07-14,4,2,2330,1.5,0,0,5,7,1720,610,1925,0,98117,47.6804,-122.358,891000
4441300240,31-03-15,3,2,3660,1,0,3,4,9,1830,1830,1947,0,98117,47.6972,-122.4,1200000
7714000070,05-02-15,4,2.5,2790,2,0,0,3,8,2790,0,2004,0,98038,47.3556,-122.026,378000
3432500486,23-06-14,2,1,1060,1,0,0,4,6,1060,0,1951,0,98155,47.7463,-122.315,299995
5466420030,07-10-14,3,2.5,2020,1,0,0,3,7,1310,710,1994,0,98042,47.3545,-122.158,253000
1324079046,20-01-15,3,2.25,1580,1,0,0,3,7,1580,0,1979,0,98024,47.5583,-121.852,350000
2768301715,11-03-15,4,3,2020,1.5,0,0,3,6,2020,0,1900,0,98107,47.6653,-122.372,565000
3332000135,12-06-14,2,1,970,1,0,0,4,6,970,0,1908,0,98118,47.5513,-122.273,315000
65000400,22-10-14,4,3,1490,1.5,0,1,5,7,1490,0,1915,0,98136,47.5446,-122.382,570000
8820901670,11-08-14,5,3.5,4390,2,0,0,3,9,3350,1040,2005,0,98125,47.7174,-122.282,971000
8712100575,28-08-14,5,2.5,2750,1.5,0,0,5,9,1840,910,1910,0,98112,47.6364,-122.3,915000
6116500341,12-01-15,4,1.5,2150,1,0,0,4,7,2150,0,1950,0,98166,47.4522,-122.355,419000
4167300030,09-02-15,4,1.75,1810,1,0,0,3,7,1230,580,1977,0,98023,47.3275,-122.361,260000
2925059135,08-04-15,3,3,2230,2,0,0,3,9,2230,0,1990,0,98004,47.6271,-122.197,1321500
7708300140,06-03-15,3,1,2430,1,0,0,3,7,2430,0,1977,0,98045,47.4895,-121.787,369950
4139430340,15-10-14,3,2.5,3680,2,0,0,3,10,3680,0,1994,0,98006,47.5484,-122.119,1029900
3812400070,06-05-15,5,1,1410,1.5,0,0,3,6,1410,0,1929,0,98118,47.5453,-122.278,435000
9455200445,25-03-15,3,1.75,1330,1,0,0,3,8,1330,0,1958,2002,98125,47.7012,-122.286,601000
6203000160,16-07-14,3,1,1490,1,0,0,3,7,1150,340,1963,0,98033,47.663,-122.178,460500
7517500611,21-05-14,3,2.5,2020,3,0,3,3,8,2020,0,2000,0,98103,47.6617,-122.356,720000
8691300860,21-04-15,4,2.5,3130,2,0,0,3,10,3130,0,1996,0,98075,47.5878,-121.976,851000
5489200435,04-09-14,4,3,2670,2,0,2,3,7,2670,0,1916,1978,98126,47.5784,-122.377,550000
510002065,23-03-15,4,1,1980,1.5,0,0,3,7,1980,0,1920,0,98103,47.6606,-122.331,700000
252000400,08-09-14,3,1.75,2100,1,0,0,4,7,2100,0,1963,0,98042,47.3622,-122.059,323000
7279300070,22-09-14,3,1,1350,1,0,0,5,6,1350,0,1944,0,98177,47.7612,-122.362,345500
8113101670,03-12-14,4,1.5,2140,1,0,0,3,7,1190,950,1959,0,98118,47.5491,-122.272,378000
7578200310,12-11-14,4,2,2208,3,0,0,5,8,2208,0,1917,0,98116,47.5711,-122.383,650000
7715800570,13-04-15,3,2,1010,1,0,0,3,7,1010,0,1982,0,98074,47.6273,-122.062,385000
6852700478,16-09-14,2,1,970,1,0,0,3,7,970,0,1910,0,98102,47.6233,-122.319,425000
1917300260,02-12-14,4,2,1520,1.5,0,0,5,6,1520,0,1920,0,98022,47.2105,-121.989,210000
4298100070,28-05-14,4,2.5,2740,2,0,0,3,9,2740,0,1993,0,98077,47.7649,-122.049,630000
1842000140,30-07-14,3,1.75,1570,1,0,1,3,7,1300,270,1953,0,98146,47.4999,-122.368,335000
5462100240,25-06-14,3,1,1320,1,0,0,3,7,1320,0,1966,0,98001,47.3461,-122.272,196500
8651520510,15-05-14,4,2.75,2550,1,0,0,3,8,1440,1110,1986,0,98074,47.6471,-122.06,582800
3578110200,23-06-14,3,1.75,1560,1,0,0,3,7,1250,310,1983,0,98034,47.7283,-122.222,440000
7555210340,25-08-14,4,2.25,2360,2,0,0,4,8,2360,0,1974,0,98033,47.6495,-122.198,752500
2313900510,28-10-14,3,1.75,1330,2,0,0,4,7,1210,120,1909,0,98116,47.5724,-122.384,532500
2009001600,06-05-15,3,1,1070,1,0,0,4,7,1070,0,1950,0,98198,47.4061,-122.33,265000
1455100116,02-02-15,3,1.25,1510,1,0,3,4,6,810,700,1961,0,98125,47.7289,-122.283,397500
3629790160,24-07-14,3,2.5,1710,2,0,0,3,8,1710,0,1999,0,98029,47.546,-122.011,524250
1778350070,09-05-14,4,2.75,2790,2,0,0,3,10,2790,0,1996,0,98027,47.5515,-122.08,765000
1703050200,06-08-14,4,2.5,2620,2,0,0,3,9,2620,0,2001,0,98074,47.6301,-122.019,648000
5469700570,12-08-14,5,2.5,2970,1,0,0,4,8,1670,1300,1969,0,98031,47.3908,-122.173,469500
100600860,24-03-15,3,1.75,1050,1,0,0,4,7,1050,0,1975,0,98023,47.3011,-122.369,237500
421049116,21-01-15,3,1,1280,1,0,0,4,7,1280,0,1956,0,98003,47.3298,-122.297,216000
3205200640,30-03-15,3,1,1030,1,0,0,4,7,1030,0,1963,0,98056,47.5364,-122.173,427200
8899200570,11-03-15,3,2.25,1900,1,0,0,4,8,1390,510,1977,0,98055,47.4545,-122.208,280000
1777500160,25-04-15,5,3,3070,1,0,0,4,9,1740,1330,1968,0,98006,47.5702,-122.128,718000
7853340860,10-03-15,2,2.75,1760,2,0,0,3,8,1760,0,2010,0,98065,47.5175,-121.878,420000
1862400132,16-09-14,2,1,930,1,0,0,3,7,930,0,1952,0,98117,47.6971,-122.372,379000
6380500135,27-05-14,2,1,880,1,0,0,3,6,880,0,1942,0,98177,47.7145,-122.361,326100
9528104108,29-05-14,3,2.5,1360,3,0,0,3,7,1310,50,2003,0,98115,47.6774,-122.324,535000
2571910160,01-10-14,4,2.75,2130,1,0,0,3,7,1560,570,1992,0,98022,47.1949,-122.01,283000
316000160,21-08-14,3,1,1480,1.5,0,0,3,6,1120,360,1940,0,98168,47.5048,-122.301,260000
2695600505,13-04-15,4,1,1500,1.5,0,0,4,7,1500,0,1951,0,98126,47.5303,-122.378,399000
3904910320,25-02-15,3,2.25,1670,2,0,0,3,8,1670,0,1987,0,98029,47.5688,-122.017,484950
4100000140,13-10-14,4,1.75,2060,1,0,0,4,8,2060,0,1960,0,98005,47.5867,-122.174,640000
3226049270,04-03-15,4,2.5,2160,1,0,0,4,8,1660,500,1952,0,98115,47.6948,-122.328,585000
1455600030,08-01-15,4,2,2780,1,0,3,3,8,1190,1590,1955,0,98125,47.7293,-122.284,645000
5559600140,05-05-15,3,2,1490,1,0,0,3,7,1490,0,1988,0,98003,47.3211,-122.325,253000
5147600105,21-07-14,2,1,740,1,0,0,3,6,740,0,1953,0,98146,47.5077,-122.344,178500
7437100570,21-08-14,4,2.5,1860,2,0,0,4,7,1860,0,1991,0,98038,47.3492,-122.03,291000
8856004730,17-09-14,2,2.75,1590,1.5,0,0,3,5,1590,0,1920,0,98001,47.2786,-122.25,199950
3856902996,04-08-14,2,1,850,1,0,0,3,7,850,0,1922,0,98105,47.6707,-122.328,553500
1442800370,15-04-15,2,1,1030,1,0,0,3,8,1030,0,1981,0,98038,47.3738,-122.057,189950
8001400340,24-09-14,3,2,1850,1,0,0,3,8,1850,0,1988,0,98001,47.3225,-122.273,289000
3131200640,27-04-15,4,2,1830,2,0,0,3,8,1830,0,1908,0,98105,47.6593,-122.327,700000
984000710,22-10-14,3,2,1560,1,0,0,3,7,1560,0,1967,0,98058,47.4312,-122.171,270000
4167300350,08-05-14,4,1.75,1730,1,0,0,3,7,1230,500,1977,0,98023,47.327,-122.361,258000
2826049282,14-06-14,3,2.5,1930,2,0,0,3,8,1930,0,2005,0,98125,47.7191,-122.309,530000
8946750030,18-12-14,3,2.25,1422,2,0,0,3,7,1422,0,2012,0,98092,47.3204,-122.178,245000
461004720,22-04-15,3,2,1380,1.5,0,0,4,7,1380,0,1917,0,98117,47.6807,-122.369,563000
7852090810,19-11-14,3,2.5,2430,2,0,0,3,8,2430,0,2001,0,98065,47.5346,-121.875,515000
9264960340,17-06-14,4,2.5,2610,2,0,0,3,9,2610,0,1987,0,98023,47.3017,-122.349,325000
1624079104,02-04-15,3,2.25,2000,2,0,0,3,8,2000,0,1996,0,98024,47.5599,-121.911,540000
4310700570,10-12-14,2,1,920,1,0,0,4,6,490,430,1949,0,98103,47.7008,-122.338,280300
1931300412,16-04-15,3,2.25,1190,NA,0,0,3,8,1190,0,2008,0,98103,47.6542,-122.346,475000
8672200110,17-03-15,5,3.75,4170,2,0,2,3,10,4170,0,2006,0,98056,47.5354,-122.181,1088000
5087900040,17-10-14,4,2.75,2500,2,0,0,3,8,2500,0,2008,0,98042,47.3749,-122.107,350000
1972201967,31-10-14,2,2.25,1530,3,0,0,3,8,1480,50,2006,0,98103,47.6533,-122.346,520000
7502800100,13-08-14,5,2.75,3600,2,0,0,3,9,3600,NA,2014,0,98059,47.4822,-122.131,679950
191100405,21-04-15,4,3.25,3410,2,0,0,3,10,3410,0,2007,0,98040,47.5653,-122.223,1575000
8956200760,13-10-14,4,2.5,3118,2,0,2,3,NA,3118,0,2014,0,98001,47.2931,-122.264,541800
7202300110,15-09-14,4,3,3990,2,0,0,3,9,3990,0,2003,0,98053,47.6857,-122.046,810000
249000205,15-10-14,5,3.75,4470,2,0,0,3,11,4470,0,2008,0,98004,47.6321,-122.2,1537000
5100403806,07-04-15,3,2.5,1425,3,0,0,3,8,1425,0,2008,0,98125,47.6963,-122.318,467000
844000965,26-06-14,3,1.75,1500,1,0,0,3,6,1500,0,2014,0,98010,47.3095,-122.002,224000
7852140040,25-08-14,3,2.5,2270,2,0,0,3,8,2270,0,2003,0,98065,47.5389,-121.881,507250
9834201367,26-01-15,3,2,1490,NA,0,0,3,8,1490,0,2014,0,98144,47.5699,-122.288,429000
3448900210,14-10-14,4,2.5,2520,2,0,0,3,9,2520,0,2014,0,98056,47.5137,-122.167,610685
7936000429,26-03-15,4,3.5,3510,2,0,0,3,9,2600,910,2009,0,98136,47.5537,-122.398,1007500
2997800021,19-02-15,3,2.5,1310,2,0,0,3,8,1180,130,2008,0,98116,47.5773,-122.409,475000
263000018,21-05-14,3,2.5,1530,3,0,0,3,8,1530,0,2009,0,98103,47.6993,-122.346,360000
6600060120,23-02-15,4,2.5,2310,2,0,0,3,8,2310,0,2014,0,98146,47.5107,-122.362,400000
1523300141,23-06-14,2,0.75,1020,2,0,0,3,7,1020,0,2009,0,98144,47.5944,-122.299,402101
291310100,16-01-15,3,2.5,1600,2,0,0,3,8,1600,0,2004,0,98027,47.5345,-122.069,400000
1523300157,15-10-14,2,0.75,1020,2,0,0,3,7,1020,0,2008,0,98144,47.5941,-122.299,325000
